요양기관명,종별코드,종별코드명,시도코드,시도코드명,시군구코드,시군구코드명,읍면동,우편번호,주소,전화번호,병원홈페이지,개설일자,총의사수,의과일반의 인원수,의과인턴 인원수,의과레지던트 인원수,의과전문의 인원수,치과일반의 인원수,치과인턴 인원수,치과레지던트 인원수,치과전문의 인원수,한방일반의 인원수,한방인턴 인원수,한방레지던트 인원수,한방전문의 인원수,조산사 인원수,좌표(X),좌표(Y)
가톨릭대학교인천성모병원,1,상급종합,220000,인천,220003,인천부평구,부평동,21431,"인천광역시 부평구 동수로 56, (부평동)",032-1544-9004,,19810806,342,0,23,69,247,1,0,0,2,0,0,0,0,0,126.7248987,37.4848309
강릉아산병원,1,상급종합,320000,강원,320100,강릉시,,25440,"강원특별자치도 강릉시 사천면 방동길 38, ()",033-610-3114,,19960730,193,2,0,34,155,0,0,0,2,0,0,0,0,0,128.8578411,37.8184325
강북삼성병원,1,상급종합,110000,서울,110016,종로구,,3181,"서울특별시 종로구 새문안로 29, (평동)",02-2001-2001,,19790324,415,1,39,123,244,4,0,0,4,0,0,0,0,0,126.96775,37.5684083
건국대학교병원,1,상급종합,110000,서울,110023,광진구,,5030,"서울특별시 광진구 능동로 120-1, (화양동)",1588-1533,,19821116,414,2,37,139,233,0,0,0,3,0,0,0,0,0,127.0718276,37.5403764
경북대학교병원,1,상급종합,230000,대구,230006,대구중구,,41944,"대구광역시 중구 동덕로 130, (삼덕동2가, 경북대학교병원)",053-200-5114,,19100907,498,4,82,188,223,0,0,0,1,0,0,0,0,0,128.604703,35.8662525
경상국립대학교병원,1,상급종합,380000,경상도,380500,진주시,,52727,"경상남도 진주시 강남로 79, (칠암동)",055-750-8000,,19861013,334,1,35,111,185,0,0,0,2,0,0,0,0,0,128.0964924,35.1759944
경희대학교병원,1,상급종합,110000,서울,110007,동대문구,,2447,"서울특별시 동대문구 경희대로 23, (회기동)",02-958-8114,,19711005,476,2,69,162,243,0,0,0,0,0,0,0,0,0,127.051852,37.5941195
계명대학교동산병원,1,상급종합,230000,대구,230007,대구달서구,,42601,"대구광역시 달서구 달구벌대로 1035, (신당동)",1577-6622,,19680406,423,1,47,135,236,3,0,0,1,0,0,0,0,0,128.4801315,35.8538856
고려대학교의과대학부속구로병원,1,상급종합,110000,서울,110005,구로구,,8308,"서울특별시 구로구 구로동로 148, 고려대부속구로병원 (구로동)",02-2626-1114,,19830831,562,1,35,158,333,0,6,17,12,0,0,0,0,0,126.8848701,37.492052
고려대학교의과대학부속안산병원,1,상급종합,310000,경기,311101,안산단원구,,15355,"경기도 안산시 단원구 적금로 123, (고잔동)",031-1577-7516,,19860101,401,1,29,113,253,0,0,0,5,0,0,0,0,0,126.8249033,37.3185144
단국대학교의과대학부속병원,1,상급종합,340000,충청도,340202,천안동남구,,31116,"충청남도 천안시 동남구 망향로 201,  (안서동)",041-1588-0063,,19940425,348,1,31,105,211,0,0,0,0,0,0,0,0,0,127.172575,36.8415904
대구가톨릭대학교병원,1,상급종합,230000,대구,230001,대구남구,,42472,"대구광역시 남구 두류공원로17길 33, (대명동)",053-650-3000,,19800812,322,0,23,99,191,4,0,0,5,0,0,0,0,0,128.5679969,35.8436078
동아대학교병원,1,상급종합,210000,부산,210006,부산서구,동대신동3가,49201,"부산광역시 서구 대신공원로 26, (동대신동3가)",051-240-2400,,19900303,343,1,31,105,191,2,0,6,7,0,0,0,0,0,129.0175391,35.1201682
부산대학교병원,1,상급종합,210000,부산,210006,부산서구,,49241,"부산광역시 서구 구덕로 179, (아미동1가)",240-7000,,19810827,546,1,57,182,289,1,3,3,10,0,0,0,0,0,129.0188032,35.1008477
분당서울대학교병원,1,상급종합,310000,경기,310403,성남분당구,,13620,"경기도 성남시 분당구 구미로173번길 82, (구미동, 분당서울대학교병원)",031-787-2114,,20030415,807,6,0,223,551,2,3,11,11,0,0,0,0,0,127.1232509,37.3519807
삼성서울병원,1,상급종합,110000,서울,110001,강남구,,6351,"서울특별시 강남구 일원로 81, (일원동, 삼성의료원)",02-3410-2114,,19940613,1401,19,121,404,841,0,0,2,14,0,0,0,0,0,127.0851508,37.4882977
서울대학교병원,1,상급종합,110000,서울,110016,종로구,,3080,"서울특별시 종로구 대학로 101, (연건동)",1588-5700,,19810709,1608,15,171,570,851,0,0,0,1,0,0,0,0,0,126.9990168,37.5797151
순천향대학교부속 천안병원,1,상급종합,340000,충청도,340202,천안동남구,,31151,"충청남도 천안시 동남구 순천향6길 31,  5동 (봉명동,순천향대학교병원)",041-570-2114,,19820625,336,1,29,91,212,1,0,0,2,0,0,0,0,0,127.1358588,36.8027381
순천향대학교부속부천병원,1,상급종합,310000,경기,310300,부천시,,14584,"경기도 부천시 조마루로 170, (중동)",032-621-5114,,20010129,373,0,29,100,236,1,0,0,7,0,0,0,0,0,126.7629626,37.4986998
아주대학교병원,1,상급종합,310000,경기,310604,수원영통구,,16499,"경기도 수원시 영통구 월드컵로 164, (원천동)",031-219-5114,,19940425,674,10,58,166,411,2,4,13,10,0,0,0,0,0,127.0476837,37.2794612
양산부산대학교병원,1,상급종합,380000,경상도,381100,양산시,,50612,"경상남도 양산시 물금읍 금오로 20, ()",055-360-1000,,20081024,465,0,38,129,296,1,0,0,1,0,0,0,0,0,129.0057274,35.3281501
연세대학교 원주세브란스기독병원,1,상급종합,320000,강원,320400,원주시,,26426,"강원특별자치도 원주시 일산로 20-0,  (일산동)",033-741-0114,,19770501,408,12,42,107,226,0,4,12,5,0,0,0,0,0,127.9456639,37.3490013
연세대학교의과대학 강남세브란스병원,1,상급종합,110000,서울,110001,강남구,,6273,"서울특별시 강남구 언주로 211, 강남세브란스병원 (도곡동)",02-2019-3114,,19830404,560,1,36,127,342,0,10,29,15,0,0,0,0,0,127.0462683,37.4929296
연세대학교의과대학세브란스병원,1,상급종합,110000,서울,110010,서대문구,,3722,"서울특별시 서대문구 연세로 50-1, (신촌동)",02-2228-0114,,19740325,1477,6,147,419,904,1,0,0,0,0,0,0,0,0,126.9408265,37.5623446
영남대학교병원,1,상급종합,230000,대구,230001,대구남구,,42415,"대구광역시 남구 현충로 170, (대명동)",053-623-8001,,19830314,387,1,42,118,223,0,0,0,3,0,0,0,0,0,128.58205,35.848107
원광대학교병원,1,상급종합,350000,전라도,350300,익산시,,54538,"전라북도 익산시 무왕로 895, (신동)",063-859-1114,,19811027,297,2,31,95,166,1,0,1,1,0,0,0,0,0,126.9595793,35.9646389
의료법인 길의료재단 길병원,1,상급종합,220000,인천,220006,인천남동구,,21565,"인천광역시 남동구 남동대로774번길 21-0, 의료법인길의료재단길병원",,,19870217,529,5,84,114,311,1,4,1,9,0,0,0,0,0,126.7092258,37.452171
이화여자대학교의과대학부속목동병원,1,상급종합,110000,서울,110020,양천구,,7985,"서울특별시 양천구 안양천로 1071, (목동)",02-2650-5114,,19930730,385,0,38,121,207,0,2,11,6,0,0,0,0,0,126.8862379,37.5362859
인제대학교부산백병원,1,상급종합,210000,부산,210004,부산진구,,47392,"부산광역시 부산진구 복지로 75, 진사로83번길 75, 진사로83번길 81, 1층(일부), 3층 (개금동)",051-890-6114,,19790601,363,1,36,111,210,1,0,0,4,0,0,0,0,0,129.0208609,35.1455173
인하대학교의과대학부속병원,1,상급종합,220000,인천,220004,인천중구,신흥동3가,22332,"인천광역시 중구 인항로 27, (신흥동3가)",032-890-2114,,19960322,424,1,39,123,257,1,0,0,3,0,0,0,0,0,126.6340955,37.4586786
재단법인아산사회복지재단 서울아산병원,1,상급종합,110000,서울,110018,송파구,,5505,"서울특별시 송파구 올림픽로43길 88, 서울아산병원 (풍납동)",02-3010-3114,,19890520,1720,16,131,448,1085,2,0,21,17,0,0,0,0,0,127.107935,37.5265762
전남대학교병원,1,상급종합,240000,광주,240001,광주동구,,61469,"광주광역시 동구 제봉로 42,  (학동)",062-1899-0000,,19830415,506,0,56,162,278,0,0,4,6,0,0,0,0,0,126.9215805,35.1418094
전북대학교병원,1,상급종합,350000,전라도,350402,전주덕진구,,54907,"전라북도 전주시 덕진구 건지로 20,  (금암동)",063-250-1129,,19830128,430,2,47,138,240,0,0,0,3,0,0,0,0,0,127.1411626,35.8470974
조선대학교병원,1,상급종합,240000,광주,240001,광주동구,,61453,"광주광역시 동구 필문대로 365,  (학동)",062-220-3321,,19830415,325,0,32,110,179,0,0,1,3,0,0,0,0,0,126.9261468,35.1390538
중앙대학교병원,1,상급종합,110000,서울,110008,동작구,,6973,"서울특별시 동작구 흑석로 102, (흑석동)",1800-1114,,20041201,401,0,43,134,211,6,0,0,7,0,0,0,0,0,126.9607839,37.5067481
충남대학교병원,1,상급종합,250000,대전,250005,대전중구,,0,"대전광역시 중구 문화로 282- , (대사동)",042-1599-7123,,19841105,492,2,60,158,269,0,0,0,3,0,0,0,0,0,127.415363,36.316908
충북대학교병원,1,상급종합,330000,충청도,330104,청주서원구,,28644,"충청북도 청주시 서원구 1순환로 776-0, 충북대학교병원",043-269-6114,,19910531,356,3,34,105,210,0,0,0,4,0,0,0,0,0,127.4614843,36.6242237
칠곡경북대학교병원,1,상급종합,230000,대구,230003,대구북구,,41404,"대구광역시 북구 호국로 807, 칠곡경북대학교병원(임살실습동 1~11층 포함) (학정동)",053-200-2000,,20101029,227,0,0,18,207,0,0,0,2,0,0,0,0,0,128.5646727,35.9564207
학교법인 고려중앙학원 고려대학교의과대학부속병원(안암병원),1,상급종합,110000,서울,110012,성북구,,2841,"서울특별시 성북구 고려대로 73, 고려대병원 (안암동5가)",1577-0083,,19740325,568,2,38,164,339,0,4,12,9,0,0,0,0,0,127.0263537,37.5870165
학교법인 울산공업학원 울산대학교병원,1,상급종합,260000,울산,260002,울산동구,,44033,"울산광역시 동구 대학병원로 25, 울산대학교병원 (전하동)",052-250-7000,,19870701,378,1,29,97,231,4,1,5,8,0,0,0,0,2,129.4289116,35.5200702
학교법인가톨릭학원가톨릭대학교서울성모병원,1,상급종합,110000,서울,110021,서초구,,6591,"서울특별시 서초구 반포대로 222, (반포동)",02-1588-1511,,19800502,893,3,58,232,568,0,5,15,12,0,0,0,0,0,127.0051154,37.5009444
학교법인성균관대학삼성창원병원,1,상급종합,380000,경상도,380701,창원마산회원구,,51353,"경상남도 창원시 마산회원구 팔용로 158, (합성동, 삼성창원병원)",055-233-8899,,19810311,289,2,22,65,195,3,0,0,2,0,0,0,0,0,128.5923771,35.2424957
한림대학교성심병원,1,상급종합,310000,경기,310702,안양동안구,,14068,"경기도 안양시 동안구 관평로170번길 22, (평촌동)",031-380-1500,,19981217,393,1,34,120,218,0,3,8,9,0,0,0,0,0,126.9620529,37.3917575
한양대학교병원,1,상급종합,110000,서울,110011,성동구,,4763,"서울특별시 성동구 왕십리로 222-1, (사근동)",02-2290-8114,,19720424,407,3,49,123,219,0,1,6,6,0,0,0,0,0,127.0441339,37.5596569
화순전남대학교병원,1,상급종합,360000,전라도,360022,화순군,,58128,"전라남도 화순군 화순읍 서양로 322, ()",061-379-7114,,20040406,256,0,24,64,166,0,0,0,2,0,0,0,0,0,127.0025,35.0594333
(의)나사렛의료재단 나사렛국제병원,11,종합병원,220000,인천,220007,인천연수구,,21972,"인천광역시 연수구 먼우금로 98-0, 나사렛국제병원",032-899-9999,,20091201,53,1,0,0,47,2,0,0,0,1,0,0,2,0,126.6704928,37.407958
(의)성세의료재단 뉴성민병원,11,종합병원,220000,인천,220005,인천서구,석남동,22789,"인천광역시 서구 신석로 70, (석남동)",032-726-1000,,19930708,28,1,0,0,27,0,0,0,0,0,0,0,0,0,126.6698519,37.5097753
(의)영문의료재단 다보스병원,11,종합병원,310000,경기,312003,용인처인구,,17063,"경기도 용인시 처인구 백옥대로1082번길 18, 다보스종합병원 (김량장동)",031-8021-2114,,20081224,34,0,0,0,33,1,0,0,0,0,0,0,0,0,127.2114648,37.2314883
(재)미리내천주성삼성직수도회천주성삼병원,11,종합병원,230000,대구,230005,대구수성구,,42274,"대구광역시 수성구 달구벌대로 3190, (신매동, 천주성삼병원)",053-790-1000,,20030124,23,0,0,0,23,0,0,0,0,0,0,0,0,0,128.7057102,35.8402518
KS병원,11,종합병원,240000,광주,240004,광주광산구,,62248,"광주광역시 광산구 왕버들로 220, (수완동)",062-975-9000,,20110422,39,0,0,0,38,0,0,0,1,0,0,0,0,0,126.8331484,35.1979238
가톨릭관동대학교 국제성모병원,11,종합병원,220000,인천,220005,인천서구,,22711,"인천광역시 서구 심곡로100번길 25-0, 인천국제성모병원",032-1600-8291,,20140117,190,0,19,31,135,1,0,0,2,0,0,0,2,0,126.6836103,37.5424165
가톨릭대학교 성빈센트병원,11,종합병원,310000,경기,310603,수원팔달구,,16247,"경기도 수원시 팔달구 중부대로 93, (지동)",031-1577-8588,,19670523,372,0,32,91,243,0,0,0,6,0,0,0,0,0,127.0274271,37.2779855
가톨릭대학교 여의도성모병원,11,종합병원,110000,서울,110013,영등포구,,7345,"서울특별시 영등포구 63로 10, 여의도성모병원 (여의도동)",1661-7575,,19860820,259,0,23,80,153,0,0,0,3,0,0,0,0,0,126.9367517,37.5183253
가톨릭대학교 은평성모병원,11,종합병원,110000,서울,110015,은평구,,3312,"서울특별시 은평구 통일로 1021, (진관동)",02-1811-7755,,19610515,282,0,14,51,214,0,0,0,3,0,0,0,0,0,126.9161912,37.6334945
가톨릭대학교부천성모병원,11,종합병원,310000,경기,310300,부천시,,14647,"경기도 부천시 소사로 327, 가톨릭대학교 부천성모병원 (소사동)",032-1577-0675,,19831108,256,1,24,69,155,0,0,0,7,0,0,0,0,0,126.7924167,37.4871165
가톨릭대학교의정부성모병원,11,종합병원,310000,경기,310800,의정부시,,11765,"경기도 의정부시 천보로 271, 의정부성모병원 (금오동)",1661-7500,,19711230,274,0,30,68,173,0,0,0,3,0,0,0,0,0,127.0777625,37.7587045
강남베드로병원,11,종합병원,110000,서울,110001,강남구,,6271,"서울특별시 강남구 남부순환로 2649, 베드로병원 (도곡동)",1544-7522,,20031219,30,0,0,0,30,0,0,0,0,0,0,0,0,0,127.0396045,37.4856196
강남병원,11,종합병원,310000,경기,312001,용인기흥구,,17064,"경기도 용인시 기흥구 중부대로 411, 강남병원 (신갈동)",031-300-0114,,20000701,41,0,0,0,41,0,0,0,0,0,0,0,0,0,127.1115072,37.2737515
강남병원,11,종합병원,230000,대구,230002,대구동구,,41145,"대구광역시 동구 동촌로 207, 강남병원 (방촌동)",053-980-9000,,20030627,19,0,0,0,19,0,0,0,0,0,0,0,0,0,128.6634475,35.8829108
강동경희대학교의대병원,11,종합병원,110000,서울,110002,강동구,,5278,"서울특별시 강동구 동남로 892, (상일동)",02-440-7114,,20060227,296,1,23,79,192,0,0,0,1,0,0,0,0,0,127.1576732,37.5535361
강원대학교병원,11,종합병원,320000,강원,320500,춘천시,효자동,24289,"강원특별자치도 춘천시 백령로 156, (효자동)",033-258-2000,,19820708,270,2,26,76,165,0,0,0,1,0,0,0,0,0,127.744891,37.8751611
강원특별자치도강릉의료원,11,종합병원,320000,강원,320100,강릉시,남문동,25535,"강원특별자치도 강릉시 경강로 2007, 2007 (남문동)",033-610-1200,,19830701,20,1,0,0,17,2,0,0,0,0,0,0,0,0,128.8888317,37.7492828
강원특별자치도삼척의료원,11,종합병원,320000,강원,320700,삼척시,,25920,"강원특별자치도 삼척시 오십천로 418-0, 삼척의료원",033-572-1141,,19830701,26,1,0,0,23,1,0,0,1,0,0,0,0,0,129.1638017,37.4403018
강원특별자치도속초의료원,11,종합병원,320000,강원,320300,속초시,영랑동,24821,"강원특별자치도 속초시 영랑호반길 3, (영랑동)",033-630-6000,,19830701,21,1,0,0,18,2,0,0,0,0,0,0,0,0,128.5892485,38.2164607
강원특별자치도영월의료원,11,종합병원,320000,강원,320006,영월군,영월읍,26234,"강원특별자치도 영월군 영월읍 중앙1로 59, (영월읍)",033-370-9101,,19830701,22,0,0,0,20,1,0,0,1,0,0,0,0,0,128.4652388,37.1864525
강원특별자치도원주의료원,11,종합병원,320000,강원,320400,원주시,,26448,"강원특별자치도 원주시 서원대로 387- ,  (개운동)",033-760-4605,,19830701,40,0,0,0,37,2,0,0,1,0,0,0,0,0,127.949225,37.332608
강일병원,11,종합병원,380000,경상도,380100,김해시,,50905,"경상남도 김해시 가락로 359, (구산동)",055-822-0100,,20170315,34,0,0,0,33,0,0,0,1,0,0,0,0,0,128.8696709,35.2566817
건국대학교 충주병원,11,종합병원,330000,충청도,330200,충주시,,27376,"충청북도 충주시 국원대로 82-0, 건국대학교충주병원",043-840-8200,,19890725,52,0,0,1,50,1,0,0,0,0,0,0,0,0,127.9288169,36.9789801
검단탑병원,11,종합병원,220000,인천,220005,인천서구,,0,"인천광역시 서구 청마로19번길 5- , (당하동)",032-590-0114,,20090112,52,0,0,0,48,2,0,0,2,0,0,0,0,0,126.6711792,37.5924835
경기도의료원 수원병원,11,종합병원,310000,경기,310602,수원장안구,,16316,"경기도 수원시 장안구 수성로245번길 69, (정자동)",031-888-0114,,19651221,32,0,0,0,29,1,0,0,2,0,0,0,0,0,126.9963375,37.2918917
경기도의료원 안성병원,11,종합병원,310000,경기,312400,안성시,,17568,"경기도 안성시 남파로 95, 경기도의료원 안성병원 (당왕동)",031-8046-5000,,19830701,28,0,0,0,27,0,0,0,1,0,0,0,0,0,127.2603668,37.0173531
경기도의료원 이천병원,11,종합병원,310000,경기,312100,이천시,,17366,"경기도 이천시 경충대로 2742, (관고동)",031-630-4200,,19831001,27,0,0,0,26,0,0,0,1,0,0,0,0,0,127.4330563,37.2828595
경기도의료원의정부병원,11,종합병원,310000,경기,310800,의정부시,,11671,"경기도 의정부시 흥선로 142, (의정부동)",031-828-5000,,19860416,19,0,0,0,16,1,0,0,1,0,0,0,1,0,127.0425004,37.741161
경기도의료원파주병원,11,종합병원,310000,경기,312200,파주시,,10922,"경기도 파주시 중앙로 207, 경기도립의료원파주병원 (금촌동)",940-9100,,20070816,29,1,0,0,26,2,0,0,0,0,0,0,0,0,126.7801503,37.7550649
경기도의료원포천병원,11,종합병원,310000,경기,312800,포천시,,11142,"경기도 포천시 포천로 1648, (신읍동)",031-539-9114,,19870424,24,0,0,0,23,0,0,0,1,0,0,0,0,0,127.19828,37.9033163
경상남도마산의료원,11,종합병원,380000,경상도,380702,창원마산합포구,,51736,"경상남도 창원시 마산합포구 3·15대로 231, (중앙동3가)",055-249-1000,,19840223,22,1,0,0,21,0,0,0,0,0,0,0,0,0,128.5655967,35.1992371
경상북도김천의료원,11,종합병원,370000,경상도,370300,김천시,,39579,"경상북도 김천시 모암길 24,  (모암동)",054-432-8901,,19660426,40,1,0,0,37,2,0,0,0,0,0,0,0,0,128.1264391,36.1227232
경상북도안동의료원,11,종합병원,370000,경상도,370400,안동시,,36694,"경상북도 안동시 태사2길 55,  (북문동)",054-850-6000,,19810831,24,0,0,0,22,2,0,0,0,0,0,0,0,0,128.7321116,36.5682206
경상북도포항의료원,11,종합병원,370000,경상도,370702,포항북구,,37688,"경상북도 포항시 북구 용흥로 36,  (용흥동)",054-247-0551,,19780727,22,1,0,0,19,2,0,0,0,0,0,0,0,0,129.3549409,36.0348814
경찰병원,11,종합병원,110000,서울,110018,송파구,,5715,"서울특별시 송파구 송이로 123, 국립경찰병원 (가락동)",02-3400-1114,,19710220,115,0,15,32,65,0,0,0,3,0,0,0,0,0,127.123509,37.4963836
계명대학교대구동산병원,11,종합병원,230000,대구,230006,대구중구,,41931,"대구광역시 중구 달성로 56, 계명대학교대구동산병원 (동산동)",053-250-8114,,20190329,38,0,0,0,38,0,0,0,0,0,0,0,0,0,128.5831323,35.8694728
고신대학교복음병원,11,종합병원,210000,부산,210006,부산서구,,49267,"부산광역시 서구 감천로 262, (암남동)",990-6114,,19740226,286,2,15,81,182,3,0,0,3,0,0,0,0,0,129.0139595,35.0809636
곽병원,11,종합병원,230000,대구,230006,대구중구,,41919,"대구광역시 중구 국채보상로 531, (수동)",053-252-2401,,19760409,26,1,0,0,24,1,0,0,0,0,0,0,0,0,128.5885849,35.8710213
광명성애병원,11,종합병원,310000,경기,310100,광명시,,14241,"경기도 광명시 디지털로 36, 광명성애병원 (철산동)",02-2680-7114,,19831209,97,2,5,23,64,2,0,0,1,0,0,0,0,0,126.8713502,37.4736659
광양사랑병원,11,종합병원,360000,전라도,360700,광양시,,57788,"전라남도 광양시 공영로 71,  (중동)",061-797-7000,,20010430,21,0,0,0,21,0,0,0,0,0,0,0,0,0,127.6969657,34.9361846
광주기독병원,11,종합병원,240000,광주,240005,광주남구,,61661,"광주광역시 남구 양림로 37,  (양림동)",062-650-5000,,19830329,128,0,16,22,88,0,0,0,2,0,0,0,0,0,126.911875,35.136665
광주병원,11,종합병원,240000,광주,240002,광주북구,,61171,"광주광역시 북구 면앙로139번길 51,  (두암동)",062-260-7100,,20010202,36,1,0,0,34,1,0,0,0,0,0,0,0,0,126.9281408,35.178903
광주보훈병원,11,종합병원,240000,광주,240004,광주광산구,,62284,"광주광역시 광산구 첨단월봉로 99,  (산월동)",062-602-6114,,19870326,71,3,4,6,52,0,0,0,5,1,0,0,0,0,126.849672,35.2079032
광주센트럴병원,11,종합병원,240000,광주,240004,광주광산구,,62305,"광주광역시 광산구 수완로 6-0,  A,B,C동 (신가동)",062-950-9700,,20151014,28,0,0,0,28,0,0,0,0,0,0,0,0,0,126.82926,35.1854818
광주수완병원,11,종합병원,240000,광주,240004,광주광산구,,62247,"광주광역시 광산구 임방울대로 370,  (수완동)",062-958-1111,,20110103,19,0,0,0,19,0,0,0,0,0,0,0,0,0,126.8241888,35.193096
광주씨티병원,11,종합병원,240000,광주,240005,광주남구,,61710,"광주광역시 남구 서문대로654번길 5,  (진월동)",062-460-7000,,20050501,24,1,0,0,23,0,0,0,0,0,0,0,0,0,126.8994848,35.1177147
광주일곡병원,11,종합병원,240000,광주,240002,광주북구,,61040,"광주광역시 북구 양일로 309,  (일곡동)",062-608-7000,,20021213,21,1,0,0,20,0,0,0,0,0,0,0,0,0,126.8976135,35.2028543
광주한국병원,11,종합병원,240000,광주,240003,광주서구,,61967,"광주광역시 서구 월드컵4강로 223,  (쌍촌동)",062-380-3000,,19830418,27,0,0,0,27,0,0,0,0,0,0,0,0,0,126.8688164,35.1562166
광주현대병원,11,종합병원,240000,광주,240002,광주북구,,61063,"광주광역시 북구 설죽로 291,  (용봉동)",062-570-0114,,19980603,37,1,0,0,36,0,0,0,0,0,0,0,0,0,126.897925,35.185676
광주희망병원,11,종합병원,240000,광주,240002,광주북구,,61019,"광주광역시 북구 하서로 429,  (용두동)",062-608-6000,,20070323,23,0,0,0,23,0,0,0,0,0,0,0,0,0,126.8747341,35.2134937
구로성심병원,11,종합병원,110000,서울,110005,구로구,,8223,"서울특별시 구로구 경인로 427, 구로성심병원 (고척동)",02-2067-1500,,20000209,35,1,0,0,34,0,0,0,0,0,0,0,0,0,126.8664159,37.4996715
구미강동병원,11,종합병원,370000,경상도,370200,구미시,,39399,"경상북도 구미시 인동20길 46,  (진평동)",054-453-7575,,20080324,31,0,0,0,28,3,0,0,0,0,0,0,0,0,128.4228695,36.096239
구포성심병원,11,종합병원,210000,부산,210005,부산북구,,46581,"부산광역시 북구 낙동대로 1786, (구포동)",051-330-2001,,19830419,32,0,0,0,31,0,0,0,1,0,0,0,0,0,129.0047235,35.2097133
국군수도병원,11,종합병원,310000,경기,310403,성남분당구,,13574,"경기도 성남시 분당구 새마을로177번길 81, (율동)",031-725-6075,,20000226,136,0,0,3,133,0,0,0,0,0,0,0,0,0,127.1490674,37.3923789
국립암센터,11,종합병원,310000,경기,311903,고양일산동구,,10408,"경기도 고양시 일산동구 일산로 323, (마두동)",031-920-0114,,20000908,211,1,0,9,194,0,0,4,3,0,0,0,0,0,126.7834097,37.6632301
국립중앙의료원,11,종합병원,110000,서울,110017,중구,,4564,"서울특별시 중구 을지로 245, (을지로6가)",02-2260-7114,,20100402,238,1,28,75,124,0,0,0,4,0,0,3,3,0,127.005671,37.5672138
국민건강보험공단일산병원,11,종합병원,310000,경기,311903,고양일산동구,,10444,"경기도 고양시 일산동구 일산로 100, (백석동,백석1동 1241외1필지 4층)",1577-0013,,20000118,247,0,0,28,190,0,5,14,10,0,0,0,0,0,126.7930401,37.6454754
근로복지공단 대전병원,11,종합병원,250000,대전,250002,대전대덕구,,34384,"대전광역시 대덕구 계족로 637,  (법동)",042-670-5419,,19910422,29,1,0,0,27,1,0,0,0,0,0,0,0,0,127.4285488,36.3683976
근로복지공단 동해병원,11,종합병원,320000,강원,320200,동해시,,0,"강원특별자치도 동해시 하평로 11- , (평릉동)",033-530-3100,,19830125,19,0,0,0,19,0,0,0,0,0,0,0,0,0,,
근로복지공단 순천병원,11,종합병원,360000,전라도,360400,순천시,,57947,"전라남도 순천시 조례1길 24, (조례동)",061-720-7575,,19850507,25,1,0,0,22,2,0,0,0,0,0,0,0,0,127.5249267,34.9611351
근로복지공단 창원병원,11,종합병원,380000,경상도,380705,창원성산구,,51524,"경상남도 창원시 성산구 창원대로 721, (중앙동)",055-280-7619,,19791126,30,2,0,0,24,4,0,0,0,0,0,0,0,0,128.6717512,35.2187539
근로복지공단 태백병원,11,종합병원,320000,강원,320600,태백시,장성동,26052,"강원특별자치도 태백시 보드미길 12, (장성동)",033-580-3114,,19770501,20,0,0,0,19,0,0,0,1,0,0,0,0,0,129.0061811,37.1032031
근로복지공단안산병원,11,종합병원,310000,경기,311102,안산상록구,,15324,"경기도 안산시 상록구 구룡로 87, 근로복지공단안산병원 (일동)",031-500-1114,,19860101,39,0,0,0,37,1,0,0,1,0,0,0,0,0,126.874139,37.3167269
근로복지공단인천병원,11,종합병원,220000,인천,220003,인천부평구,,21417,"인천광역시 부평구 무네미로 446, (구산동)",032-500-0114,,20141230,30,0,0,0,30,0,0,0,0,0,0,0,0,0,126.7536333,37.4767018
나사렛종합병원,11,종합병원,230000,대구,230007,대구달서구,,42784,"대구광역시 달서구 월배로 97, 나사렛병원 (진천동)",053-643-1400,,20200116,30,0,0,0,30,0,0,0,0,0,0,0,0,0,128.5250947,35.8147003
나주종합병원,11,종합병원,360000,전라도,360200,나주시,,58251,"전라남도 나주시 영산로 5419, 나주종합병원",061-330-6114,,19870624,23,1,1,0,20,1,0,0,0,0,0,0,0,0,126.7213975,35.0363159
남양주 한양병원,11,종합병원,310000,경기,311500,남양주시,,12048,"경기도 남양주시 오남읍 양지로 47-55, 47",031-510-0114,,20090303,28,0,0,0,27,0,0,0,1,0,0,0,0,0,127.2043933,37.6823474
노원을지대학교병원,11,종합병원,110000,서울,110022,노원구,,1830,"서울특별시 노원구 한글비석로 68, 을지병원 (하계동)",02-970-8000,,19950114,229,1,39,59,127,1,0,0,2,0,0,0,0,0,127.0699355,37.6364794
녹색병원,11,종합병원,110000,서울,110019,중랑구,,2221,"서울특별시 중랑구 사가정로49길 53, (면목동)",02-490-2000,,20030917,37,1,0,0,36,0,0,0,0,0,0,0,0,0,127.0860738,37.5835731
뉴대성병원,11,종합병원,310000,경기,310300,부천시,,14577,"경기도 부천시 부천로 91, ,부흥로373번길18, 부흥로377(기존디에스병원A동) (심곡동)",032-610-1111,,19840308,19,0,0,0,18,0,0,0,1,0,0,0,0,0,126.7841872,37.4925524
당진종합병원,11,종합병원,340000,충청도,340900,당진시,,31764,"충청남도 당진시 반촌로 5-15,  (시곡동)",041-357-0100,,20110722,32,0,0,0,32,0,0,0,0,0,0,0,0,0,126.6844489,36.9044003
대구가톨릭대학교 칠곡가톨릭병원,11,종합병원,230000,대구,230003,대구북구,,41438,"대구광역시 북구 칠곡중앙대로 440, (읍내동)",053-320-2500,,20020121,26,0,0,0,25,0,0,0,1,0,0,0,0,0,128.5493894,35.9348614
대구굿모닝병원,11,종합병원,230000,대구,230001,대구남구,,42406,"대구광역시 남구 성당로 224, (대명동)",053-620-9100,,20030308,24,0,0,0,24,0,0,0,0,0,0,0,0,0,128.5740875,35.8530071
대구의료원,11,종합병원,230000,대구,230004,대구서구,,41845,"대구광역시 서구 평리로 157, (중리동)",053-560-7575,,19830228,48,1,1,4,41,1,0,0,0,0,0,0,0,0,128.5411352,35.8599099
대구파티마병원,11,종합병원,230000,대구,230002,대구동구,,41199,"대구광역시 동구 아양로 99, (신암동)",053-1688-7770,,19620822,210,1,19,51,136,1,0,0,2,0,0,0,0,0,128.6244071,35.8842611
대동병원,11,종합병원,210000,부산,210003,부산동래구,,47737,"부산광역시 동래구 충렬대로 187, (명륜동)",051-554-1233,,19800221,69,0,4,0,64,0,0,0,1,0,0,0,0,0,129.0802033,35.2042538
대림성모병원,11,종합병원,110000,서울,110013,영등포구,,7442,"서울특별시 영등포구 시흥대로 657, (대림동, 대림성모병원)",02-829-9000,,19740924,41,0,0,0,40,1,0,0,0,0,0,0,0,0,126.9072208,37.4906979
대아의료재단한도병원,11,종합병원,310000,경기,311101,안산단원구,,15367,"경기도 안산시 단원구 선부광장로 103, (선부동)",031-8040-1114,,20061013,41,0,0,0,39,1,0,0,1,0,0,0,0,0,126.8076223,37.3340586
대자인병원,11,종합병원,350000,전라도,350402,전주덕진구,,54910,"전라북도 전주시 덕진구 견훤로 390, (우아동3가)",063-240-2000,,20160107,102,0,0,0,97,0,0,0,3,2,0,0,0,0,127.1534707,35.8459659
대전보훈병원,11,종합병원,250000,대전,250002,대전대덕구,,34314,"대전광역시 대덕구 대청로82번길 147, 147",042-939-0111,,19971031,56,0,0,7,41,4,0,0,3,1,0,0,0,0,127.4396417,36.4473355
대전한국병원,11,종합병원,250000,대전,250004,대전동구,,34572,"대전광역시 동구 동서대로 1672,  (성남동)",042-606-1000,,20040316,38,1,0,0,36,1,0,0,0,0,0,0,0,0,127.4358152,36.3482008
대진의료재단 분당제생병원,11,종합병원,310000,경기,310403,성남분당구,,13590,"경기도 성남시 분당구 서현로180번길 20, (서현동)",031-779-0114,,19980328,195,2,15,43,130,2,0,0,3,0,0,0,0,0,127.1217783,37.3882035
대청병원,11,종합병원,250000,대전,250003,대전서구,,35403,"대전광역시 서구 계백로 1322, (정림동)",042-1899-6075,,20150226,28,2,0,0,25,1,0,0,0,0,0,0,0,0,127.3705716,36.3082388
더블유병원,11,종합병원,230000,대구,230007,대구달서구,,42642,"대구광역시 달서구 달구벌대로 1632, (감삼동)",053-550-5000,,20080912,35,0,0,0,35,0,0,0,0,0,0,0,0,0,128.5449481,35.8526313
동국대학교의과대학경주병원,11,종합병원,370000,경상도,370100,경주시,,38067,"경상북도 경주시 동대로 87,  (석장동)",054-748-9300,,19910919,105,0,0,28,75,2,0,0,0,0,0,0,0,0,129.1966582,35.8583076
동국대학교일산불교병원,11,종합병원,310000,경기,311903,고양일산동구,,10326,"경기도 고양시 일산동구 동국로 27, (식사동, 동국대학교일산병원)",031-1577-7000,,20050531,264,1,32,77,152,0,0,0,2,0,0,0,0,0,126.8064233,37.6763969
동남권원자력의학원,11,종합병원,210000,부산,210100,부산기장군,,46033,"부산광역시 기장군 장안읍 좌동길 40, ()",051-720-5114,,20100414,55,0,0,0,55,0,0,0,0,0,0,0,0,0,129.2435492,35.3214002
동래봉생병원,11,종합병원,210000,부산,210003,부산동래구,,47889,"부산광역시 동래구 안연로109번길 27, (안락동)",051-531-6000,,19900601,37,0,0,0,37,0,0,0,0,0,0,0,0,0,129.0961356,35.1969224
동아병원,11,종합병원,240000,광주,240005,광주남구,,61656,"광주광역시 남구 대남대로 238,  (백운동)",062-650-2500,,19950613,30,0,0,0,30,0,0,0,0,0,0,0,0,0,126.8999505,35.1348132
드림종합병원,11,종합병원,230000,대구,230001,대구남구,대명동,42474,"대구광역시 남구 대명로 153, (대명동)",053-640-8800,,20090102,25,0,0,0,25,0,0,0,0,0,0,0,0,0,128.5744911,35.8395584
메디인병원,11,종합병원,310000,경기,312200,파주시,,10913,"경기도 파주시 금릉역로 190, (금촌동)",031-943-1191,,20220329,36,1,0,0,35,0,0,0,0,0,0,0,0,0,126.766669,37.7610733
명주병원,11,종합병원,310000,경기,312003,용인처인구,,17050,"경기도 용인시 처인구 금령로39번길 8-6, (김량장동)",1522-8119,,20220603,50,0,0,0,49,0,0,0,1,0,0,0,0,0,127.2010803,37.2353957
명지성모병원,11,종합병원,110000,서울,110013,영등포구,,7417,"서울특별시 영등포구 도림로 156, 명지성모병원 (대림동)",02-1899-1475,,19840807,30,0,0,0,30,0,0,0,0,0,0,0,0,0,126.8992626,37.4938623
목포기독병원,11,종합병원,360000,전라도,360300,목포시,,58666,"전라남도 목포시 백년대로 303, (상동)",061-280-7500,,19970331,36,1,0,0,34,1,0,0,0,0,0,0,0,0,126.4206,34.8045333
목포시의료원,11,종합병원,360000,전라도,360300,목포시,,58701,"전라남도 목포시 이로로 18,  (용해동)",061-260-6500,,19921201,22,0,0,0,21,1,0,0,0,0,0,0,0,0,126.4053627,34.8039839
목포한국병원,11,종합병원,360000,전라도,360300,목포시,,58643,"전라남도 목포시 영산로 483,  (상동)",061-270-5800,,19960510,77,0,0,0,74,2,0,0,1,0,0,0,0,0,126.4162693,34.809382
미래로21병원,11,종합병원,240000,광주,240003,광주서구,,62045,"광주광역시 서구 화운로 1,  (화정동)",062-450-1000,,20040305,26,0,0,0,26,0,0,0,0,0,0,0,0,0,126.8852856,35.141033
미즈메디병원,11,종합병원,110000,서울,110003,강서구,,7639,"서울특별시 강서구 강서로 295, (내발산동)",02-2007-1000,,20000124,54,1,0,0,53,0,0,0,0,0,0,0,0,0,126.8359357,37.5522178
베데스다복음병원,11,종합병원,380000,경상도,381100,양산시,,50576,"경상남도 양산시 신기로 28, (신기동)",055-384-9901,,19960513,17,2,0,0,14,1,0,0,0,0,0,0,0,0,129.0435924,35.3532447
부민병원,11,종합병원,110000,서울,110003,강서구,,7590,"서울특별시 강서구 공항대로 389, 부민병원 (등촌동)",1577-7582,,20110414,68,2,2,0,64,0,0,0,0,0,0,0,0,0,126.8509273,37.556866
부산광역시의료원,11,종합병원,210000,부산,210013,부산연제구,,47527,"부산광역시 연제구 월드컵대로 359, (거제동, 1동, 5동일부)",051-507-3000,,19820630,77,0,9,11,55,1,0,0,1,0,0,0,0,0,129.0592351,35.1872822
부산성모병원(재단법인 천주교부산교구유지재단),11,종합병원,210000,부산,210001,부산남구,,48575,"부산광역시 남구 용호로232번길 25-14, (용호동)",051-933-7114,,20060602,81,0,1,14,64,0,0,0,2,0,0,0,0,0,129.109125,35.1104571
부안성모병원,11,종합병원,350000,전라도,350005,부안군,,56313,"전라북도 부안군 부안읍 오정2길 24, ()",063-581-5100,,20071231,14,2,0,0,12,0,0,0,0,0,0,0,0,0,126.7345709,35.7248401
부천세종병원,11,종합병원,310000,경기,310300,부천시,,14754,"경기도 부천시 호현로489번길 28, (소사본동, 세종병원)",1599-6677,,19820820,88,0,6,11,70,1,0,0,0,0,0,0,0,0,126.7913172,37.4809662
부천우리병원,11,종합병원,310000,경기,310300,부천시,,14466,"경기도 부천시 소사로 726, 지하4층~지상5층 (원종동)",032-672-4100,,20070416,22,1,0,0,19,2,0,0,0,0,0,0,0,0,126.8052027,37.5208668
부평세림병원,11,종합병원,220000,인천,220003,인천부평구,,21364,"인천광역시 부평구 부평대로 175,  (청천동)",032-524-0591,,19830511,52,0,4,4,42,2,0,0,0,0,0,0,0,0,126.7199858,37.506872
비에스종합병원,11,종합병원,220000,인천,220100,인천강화군,,23037,"인천광역시 강화군 강화읍 충렬사로 31-0,",032-290-0001,,20181106,23,1,0,0,20,1,0,0,1,0,0,0,0,0,126.4859916,37.7360483
비에이치에스한서병원,11,종합병원,210000,부산,210014,부산수영구,,48253,"부산광역시 수영구 수영로 615, (광안동)",051-756-0081,,19871102,54,0,0,3,50,0,0,0,1,0,0,0,0,0,129.1131037,35.16088
빛가람종합병원,11,종합병원,360000,전라도,360200,나주시,,58323,"전라남도 나주시 정보화길 49-0, (빛가람동)",061-820-0820,,20200403,21,2,0,0,19,0,0,0,0,0,0,0,0,0,126.7987298,35.0241928
빛고을전남대학교병원,11,종합병원,240000,광주,240005,광주남구,,61748,"광주광역시 남구 덕남길 80-0,  1동 (덕남동,전남대학교병원류마티스전문질환센터)",062-670-9421,,20131217,26,0,0,0,26,0,0,0,0,0,0,0,0,0,126.8963045,35.0943936
삼육부산병원,11,종합병원,210000,부산,210006,부산서구,,49230,"부산광역시 서구 대티로 170, (서대신동2가)",242-9751,,19740307,56,0,2,4,47,3,0,0,0,0,0,0,0,0,129.0110653,35.1127676
삼육서울병원,11,종합병원,110000,서울,110007,동대문구,,2500,"서울특별시 동대문구 망우로 82, (휘경동)",02-2244-0191,,19660107,113,0,10,18,84,1,0,0,0,0,0,0,0,0,127.0635533,37.5862119
삼일병원,11,종합병원,230000,대구,230007,대구달서구,,42818,"대구광역시 달서구 월배로 436, 지하1,지상1~11층 (송현동)",053-659-3100,,20080721,38,0,0,0,38,0,0,0,0,0,0,0,0,0,128.5535826,35.8324956
상무병원,11,종합병원,240000,광주,240003,광주서구,,61948,"광주광역시 서구 상무자유로 181-7,  (치평동)",062-600-7000,,20000524,27,0,0,0,27,0,0,0,0,0,0,0,0,0,126.8538803,35.1527509
상주적십자병원,11,종합병원,370000,경상도,370900,상주시,,37199,"경상북도 상주시 상서문로 53,  (남성동)",054-534-3501,,19940111,18,1,0,0,17,0,0,0,0,0,0,0,0,0,128.1555556,36.4146221
새통영병원,11,종합병원,380000,경상도,380800,통영시,,53034,"경상남도 통영시 무전7길 192, (무전동)",055-646-6000,,20080811,23,1,0,0,22,0,0,0,0,0,0,0,0,0,128.4207171,34.8653483
서광병원,11,종합병원,240000,광주,240003,광주서구,,62007,"광주광역시 서구 금화로59번길 6,  (금호동)",062-600-8000,,20100404,23,0,0,0,23,0,0,0,0,0,0,0,0,0,126.8557303,35.1325949
서남대학교병원,11,종합병원,240000,광주,240001,광주동구,불로동,61488,"광주광역시 동구 천변우로 415,  (불로동)",062-224-0671,,19830415,0,0,0,0,0,0,0,0,0,0,0,0,0,0,126.9150205,35.1447273
서산중앙병원,11,종합병원,340000,충청도,340600,서산시,,0,"충청남도 서산시 수석산업로 5- ,  (수석동)",041-661-1000,,20060303,29,1,0,0,26,1,0,0,1,0,0,0,0,0,126.5034636,36.7810108
서울산보람병원,11,종합병원,260000,울산,260100,울산울주군,,44948,"울산광역시 울주군 삼남읍 중평로 53, 서울산보람병원",052-255-7114,,20070201,23,0,0,0,22,1,0,0,0,0,0,0,0,0,129.1210036,35.5597987
서울성심병원,11,종합병원,110000,서울,110007,동대문구,,2488,"서울특별시 동대문구 왕산로 259, 서울성심병원 (청량리동)",02-966-1616,,19911230,46,0,0,12,33,1,0,0,0,0,0,0,0,0,127.0497296,37.5843076
서울적십자병원,11,종합병원,110000,서울,110016,종로구,,3181,"서울특별시 종로구 새문안로 9, 적십자병원 (평동)",02-2002-8000,,19770401,45,1,5,5,32,1,0,0,1,0,0,0,0,0,126.9669974,37.5671805
서울특별시 동부병원,11,종합병원,110000,서울,110007,동대문구,,2584,"서울특별시 동대문구 무학로 124, (용두동)",02-920-9307,,19790701,39,4,0,0,33,2,0,0,0,0,0,0,0,0,127.031341,37.5753681
서울특별시보라매병원,11,종합병원,110000,서울,110008,동작구,,7061,"서울특별시 동작구 보라매로5길 20, (신대방동)",02-870-2114,,19911116,272,1,0,12,249,0,1,3,6,0,0,0,0,0,126.9239058,37.4934414
서울특별시서남병원,11,종합병원,110000,서울,110020,양천구,,8049,"서울특별시 양천구 신정이펜1로 20, (신정동)",1566-6688,,20110328,40,0,0,0,39,0,0,0,1,0,0,0,0,0,126.8331531,37.5120195
서울특별시서울의료원,11,종합병원,110000,서울,110019,중랑구,,2053,"서울특별시 중랑구 신내로 156, (신내동)",02-2276-7000,,20110309,226,0,21,57,144,0,0,0,3,1,0,0,0,0,127.0978309,37.6132762
선한병원,11,종합병원,240000,광주,240003,광주서구,,61917,"광주광역시 서구 무진대로 975-0,  (광천동)",062-466-1000,,20151015,23,0,0,0,22,0,0,0,1,0,0,0,0,0,126.8869987,35.1615633
성가롤로병원,11,종합병원,360000,전라도,360400,순천시,,57931,"전라남도 순천시 순광로 221,  (조례동)",061-720-2000,,19980307,102,1,5,7,87,0,0,0,1,0,0,0,0,1,127.5437074,34.9647334
성남시의료원,11,종합병원,310000,경기,310401,성남수정구,,13290,"경기도 성남시 수정구 수정로171번길 10, 성남시의료원 (태평동)",031-738-7000,,20191107,54,0,0,0,51,1,0,0,1,0,0,0,1,0,127.1390577,37.4449846
성남중앙병원,11,종합병원,310000,경기,310402,성남중원구,,13161,"경기도 성남시 중원구 산성대로476번길 12, (금광동)",031-743-3000,,19811119,28,0,0,0,26,1,0,0,1,0,0,0,0,0,127.1619932,37.4528497
성심의료재단강동성심병원,11,종합병원,110000,서울,110002,강동구,,5355,"서울특별시 강동구 성안로 150, (길동)",02-2224-2114,,19861017,255,1,21,87,144,0,0,0,2,0,0,0,0,0,127.135378,37.5359971
성애의료재단 성애병원,11,종합병원,110000,서울,110013,영등포구,,7354,"서울특별시 영등포구 여의대방로53길 22, (신길동, 성애병원)",02-840-7114,,19820930,71,0,5,9,55,2,0,0,0,0,0,0,0,0,126.9225003,37.5120274
세란병원,11,종합병원,110000,서울,110016,종로구,,3030,"서울특별시 종로구 통일로 256, (무악동)",02-737-0181,,19870424,47,3,0,0,44,0,0,0,0,0,0,0,0,0,126.9574607,37.5751835
세종충남대학교병원,11,종합병원,410000,세종시,410000,세종시,,30099,"세종특별자치시 보듬7로 20, 세종충남대학교병원 (도담동)",1800-3114,,20200623,139,0,0,0,137,0,0,0,2,0,0,0,0,0,127.2579427,36.5195133
속초보광병원,11,종합병원,320000,강원,320300,속초시,,24853,"강원특별자치도 속초시 중앙로 11-0, 속초보광병원",033-639-8500,,20100405,21,1,0,0,20,0,0,0,0,0,0,0,0,0,128.5783901,38.1980014
순천의료재단 성남정병원,11,종합병원,310000,경기,310401,성남수정구,,13316,"경기도 성남시 수정구 수정로 76, 지하3~10층 (수진동)",031-757-8900,,20040303,25,1,0,0,24,0,0,0,0,0,0,0,0,0,127.1290046,37.4398589
순천중앙병원,11,종합병원,360000,전라도,360400,순천시,,57956,"전라남도 순천시 장명로 5,  (장천동)",061-749-5000,,19941201,10,0,0,0,10,0,0,0,0,0,0,0,0,0,127.4844458,34.9514574
순천향대학교 부속 구미병원,11,종합병원,370000,경상도,370200,구미시,,39371,"경상북도 구미시 1공단로 179,  (공단동)",054-468-9114,,19790918,94,2,0,14,74,2,0,0,2,0,0,0,0,0,128.3827377,36.1029182
순천향대학교 부속 서울병원,11,종합병원,110000,서울,110014,용산구,,4401,"서울특별시 용산구 대사관로 59, (한남동)",02-709-9114,,19780223,370,2,37,116,208,1,0,0,6,0,0,0,0,0,127.0042579,37.533804
신가병원,11,종합병원,240000,광주,240004,광주광산구,,62316,"광주광역시 광산구 목련로 316,  (신가동)",062-610-8100,,20030113,24,0,0,0,24,0,0,0,0,0,0,0,0,0,126.8296527,35.1774148
씨엠병원,11,종합병원,110000,서울,110013,영등포구,,7301,"서울특별시 영등포구 영등포로36길 13, (영등포동4가, 충무병원)",02-2678-0001,,19840302,25,0,0,0,25,0,0,0,0,0,0,0,0,0,126.9041862,37.5188597
아산충무병원,11,종합병원,340000,충청도,340500,아산시,,31528,"충청남도 아산시 문화로 381,  (모종동)",041-536-6666,,20150303,54,0,0,0,53,0,0,0,1,0,0,0,0,0,127.0198062,36.7792648
안동성소병원,11,종합병원,370000,경상도,370400,안동시,,36690,"경상북도 안동시 서동문로 99,  (금곡동)",054-850-8114,,19810625,52,0,0,0,51,1,0,0,0,0,0,0,0,0,128.7228172,36.5672423
안성성모병원,11,종합병원,310000,경기,312400,안성시,,17592,"경기도 안성시 시장길 58, (서인동)",031-675-6007,,19940316,34,0,0,0,34,0,0,0,0,0,0,0,0,0,127.2709213,37.0062179
에스포항병원,11,종합병원,370000,경상도,370701,포항남구,,37659,"경상북도 포항시 남구 희망대로 352,  (이동)",054-289-9000,,20081029,41,0,0,0,41,0,0,0,0,0,0,0,0,0,129.3314538,36.0348843
여수전남병원,11,종합병원,360000,전라도,360500,여수시,,59718,"전라남도 여수시 좌수영로 49,  (광무동)",061-640-7128,,19880702,52,2,0,6,41,2,0,0,0,0,0,0,0,1,127.728018,34.7450673
여천전남병원,11,종합병원,360000,전라도,360500,여수시,,59641,"전라남도 여수시 무선로 95,  (선원동)",061-690-6000,,19991210,43,0,0,0,41,0,0,0,2,0,0,0,0,0,127.6543239,34.7691121
연세대학교 의과대학 용인세브란스병원,11,종합병원,310000,경기,312001,용인기흥구,,16995,"경기도 용인시 기흥구 동백죽전대로 363, (중동)",1899-1004,,19830309,232,5,0,10,212,0,0,1,4,0,0,0,0,0,127.1485144,37.270805
연세에스병원,11,종합병원,380000,경상도,380703,창원진해구,,51659,"경상남도 창원시 진해구 해원로32번길 13, (이동)",055-548-7700,,20031205,23,1,0,0,22,0,0,0,0,0,0,0,0,0,128.6981494,35.1549332
영광종합병원,11,종합병원,360000,전라도,360014,영광군,,57035,"전라남도 영광군 영광읍 와룡로 3, ()",061-350-8091,,19830810,25,1,0,0,23,1,0,0,0,0,0,0,0,0,126.4989779,35.2844615
영남대학교의과대학부속영천병원,11,종합병원,370000,경상도,370600,영천시,,38840,"경상북도 영천시 오수1길 10, (오수동)",054-338-9000,,19990928,20,1,0,0,19,0,0,0,0,0,0,0,0,0,128.913212,35.957285
영도병원,11,종합병원,210000,부산,210007,부산영도구,,49036,"부산광역시 영도구 태종로 85, (대교동2가)",051-414-8101,,19960629,33,0,2,1,29,0,0,0,1,0,0,0,0,0,129.0405236,35.0922416
영주적십자병원,11,종합병원,370000,경상도,370500,영주시,,36058,"경상북도 영주시 대학로 327-0, 영주적십자병원",054-630-0100,,20180502,19,1,0,0,18,0,0,0,0,0,0,0,0,0,128.6039024,36.8252688
오산한국병원,11,종합병원,310000,경기,311800,오산시,,18144,"경기도 오산시 밀머리로1번길 16, (원동)",031-379-8300,,20090105,65,2,4,2,54,1,0,0,2,0,0,0,0,0,127.0753662,37.1412709
온누리병원,11,종합병원,220000,인천,220005,인천서구,왕길동,22616,"인천광역시 서구 완정로 199, (왕길동)",032-567-6200,,20111018,20,1,0,0,19,0,0,0,0,0,0,0,0,0,126.6543363,37.6027927
우리들병원,11,종합병원,110000,서울,110003,강서구,,7505,"서울특별시 강서구 하늘길 70, (과해동)",02-2660-7500,,20120430,23,1,0,0,22,0,0,0,0,0,0,0,0,0,126.7963265,37.5620454
운암한국병원,11,종합병원,240000,광주,240002,광주북구,,61266,"광주광역시 북구 북문대로 191,  (운암동)",062-608-8000,,20070822,22,1,0,0,21,0,0,0,0,0,0,0,0,0,126.8696694,35.1850041
울산병원,11,종합병원,260000,울산,260001,울산남구,,44686,"울산광역시 남구 월평로171번길 13, (신정동)",052-259-5000,,19950821,50,1,0,0,48,0,0,0,1,0,0,0,0,0,129.3231103,35.5462649
울산엘리야병원,11,종합병원,260000,울산,260004,울산북구,,44228,"울산광역시 북구 호계로 285, (호계동)",052-290-2100,,20020902,18,0,0,0,18,0,0,0,0,0,0,0,0,0,129.3505372,35.6288626
웅상중앙병원,11,종합병원,380000,경상도,381100,양산시,,50536,"경상남도 양산시 서창로 59, (명동)",1600-7582,,20150202,22,1,0,0,20,0,0,0,1,0,0,0,0,0,129.1645494,35.4063964
원광대학교 산본병원,11,종합병원,310000,경기,311400,군포시,,15865,"경기도 군포시 산본로 321, (산본동)",031-390-2300,,20000801,76,0,6,14,53,1,0,0,0,0,0,0,2,0,126.9336147,37.3594127
의료법인 갈렌의료재단 박병원,11,종합병원,310000,경기,311200,평택시,,17784,"경기도 평택시 송탄로 33, (장당동)",031-666-2600,,20030120,23,0,0,0,23,0,0,0,0,0,0,0,0,0,127.0570008,37.0482657
의료법인 강릉동인병원,11,종합병원,320000,강원,320100,강릉시,,25478,"강원특별자치도 강릉시 강릉대로419번길 42-0,  (포남동)",033-650-6161,,19830618,41,0,0,0,40,1,0,0,0,0,0,0,0,0,128.90735,37.77435
의료법인 거붕 백병원,11,종합병원,380000,경상도,381000,거제시,,53290,"경상남도 거제시 계룡로5길 14, (상동동)",055-733-0000,,19790209,36,0,0,0,34,2,0,0,0,0,0,0,0,0,128.6261659,34.8736095
의료법인 건명의료재단 중앙제일병원,11,종합병원,330000,충청도,330009,진천군,진천읍,27832,"충청북도 진천군 진천읍 중앙북로 36, 중앙제일병원",043-533-1711,,19990702,23,1,0,0,22,0,0,0,0,0,0,0,0,0,127.4404044,36.8585629
의료법인 광혜의료재단 광혜병원,11,종합병원,210000,부산,210003,부산동래구,,47821,"부산광역시 동래구 충렬대로 96, (온천동, 광혜병원)",051-503-2111,,19831207,25,1,0,0,24,0,0,0,0,0,0,0,0,0,129.0711482,35.2070105
의료법인 근원의료재단 경산중앙병원,11,종합병원,370000,경상도,371000,경산시,,38646,"경상북도 경산시 경안로 11,  (백천동)",053-715-0100,,20110225,31,0,0,0,29,1,0,0,1,0,0,0,0,0,128.7401912,35.8088799
의료법인 남촌의료재단 시화병원,11,종합병원,310000,경기,311700,시흥시,,15034,"경기도 시흥시 군자천로 381, 시화병원 (정왕동)",1811-7000,,19980409,77,1,0,0,75,0,0,0,1,0,0,0,0,0,126.7369295,37.3499192
의료법인 녹산의료재단동수원병원,11,종합병원,310000,경기,310603,수원팔달구,,16494,"경기도 수원시 팔달구 중부대로 165, (우만동)",031-210-0114,,19830518,75,0,0,0,72,1,0,0,2,0,0,0,0,0,127.0345487,37.2780649
의료법인 대우의료재단대우병원,11,종합병원,380000,경상도,381000,거제시,,53317,"경상남도 거제시 두모길 16, (두모동)",055-680-8114,,19830219,32,0,0,0,30,1,0,0,1,0,0,0,0,0,128.7220923,34.8719577
의료법인 동강의료재단 동강병원,11,종합병원,260000,울산,260003,울산중구,,44455,"울산광역시 중구 태화로 239, (태화동)",052-241-1114,,19810622,89,0,0,0,85,3,0,0,1,0,0,0,0,0,129.3019631,35.5534261
의료법인 동강의료재단 동천동강병원,11,종합병원,260000,울산,260003,울산중구,,44495,"울산광역시 중구 외솔큰길 215, (남외동, 동천동강병원)",052-702-3114,,20160531,21,1,0,0,20,0,0,0,0,0,0,0,0,0,129.3504382,35.568536
의료법인 동해동인병원,11,종합병원,320000,강원,320200,동해시,평릉동,25751,"강원특별자치도 동해시 하평로 26, (평릉동)",033-530-0114,,19830725,19,2,0,0,16,0,0,0,1,0,0,0,0,0,129.1074625,37.5299417
의료법인 록향의료재단 신천연합병원,11,종합병원,310000,경기,311700,시흥시,,14905,"경기도 시흥시 복지로 57, 복지로 61, 2층 (대야동)",031-310-6300,,19920509,27,0,0,0,26,0,0,0,1,0,0,0,0,0,126.7894932,37.4445152
의료법인 명인의료재단 화홍병원,11,종합병원,310000,경기,310601,수원권선구,,16630,"경기도 수원시 권선구 호매실로90번길 98, (호매실동)",031-278-0119,,20200421,48,0,0,0,48,0,0,0,0,0,0,0,0,0,126.9639084,37.2601268
의료법인 박애의료재단 박애병원,11,종합병원,310000,경기,311200,평택시,,17909,"경기도 평택시 평택2로20번길 3, (평택동)",031-652-2121,,19820702,22,1,0,0,20,1,0,0,0,0,0,0,0,0,127.0890756,36.9930636
의료법인 백제병원,11,종합병원,340000,충청도,340700,논산시,,32980,"충청남도 논산시 시민로294번길 14,  (취암동)",041-733-2191,,19820504,52,0,0,0,49,2,0,0,1,0,0,0,0,0,127.0944739,36.192193
의료법인 서명의료재단 세명병원,11,종합병원,370000,경상도,371000,경산시,,38619,"경상북도 경산시 경안로 208, (중방동)",053-819-8800,,20030925,37,0,0,0,37,0,0,0,0,0,0,0,0,0,128.7371689,35.8263331
의료법인 석경의료재단 센트럴병원,11,종합병원,310000,경기,311700,시흥시,,15079,"경기도 시흥시 공단1대로 237, (정왕동, 센트럴 병원)",031-8041-3000,,20080219,43,3,0,0,38,0,0,0,2,0,0,0,0,0,126.7281267,37.3369084
의료법인 성념의료재단맑은샘병원,11,종합병원,380000,경상도,381000,거제시,,53209,"경상남도 거제시 연초면 거제대로 4477, ()",055-731-1240,,20130409,17,2,0,0,14,0,0,0,1,0,0,0,0,0,128.6436423,34.8977185
의료법인 성수의료재단 인천백병원,11,종합병원,220000,인천,220002,인천동구,,0,"인천광역시 동구 샛골로 214- , (송림동)",032-765-7070,,20121231,24,1,0,0,23,0,0,0,0,0,0,0,0,0,126.6458376,37.4817037
의료법인 송은의료재단 울산시티병원,11,종합병원,260000,울산,260004,울산북구,,44238,"울산광역시 북구 산업로 1007, (연암동)",052-280-9000,,20140804,46,2,0,0,43,1,0,0,0,0,0,0,0,0,129.3590343,35.5828446
의료법인 양진의료재단 평택성모병원,11,종합병원,310000,경기,311200,평택시,,17825,"경기도 평택시 평택로 284, (세교동)",1800-8800,,20150129,71,1,0,0,68,1,0,0,1,0,0,0,0,0,127.0743334,37.0084186
의료법인 영동의료재단 의정부백병원,11,종합병원,310000,경기,310800,의정부시,,11778,"경기도 의정부시 금신로 322, (신곡동)",031-856-8111,,19960716,25,1,0,0,21,2,0,0,1,0,0,0,0,0,127.0622375,37.7453263
의료법인 영서의료재단 천안충무병원,11,종합병원,340000,충청도,340201,천안서북구,,31181,"충청남도 천안시 서북구 다가말3길 8,  (쌍용동)",041-570-7555,,19960501,62,0,0,0,57,3,0,0,2,0,0,0,0,0,127.1314943,36.7974082
의료법인 영제 의료재단 엔케이세종병원,11,종합병원,410000,세종시,410000,세종시,,30130,"세종특별자치시 한누리대로 161, 세종시 NK리움힐 상가 1~8층 (나성동)",044-850-7700,,20190430,18,0,0,0,16,1,0,0,1,0,0,0,0,0,127.2622579,36.4796231
의료법인 영훈의료재단 대전선병원,11,종합병원,250000,대전,250005,대전중구,,34811,"대전광역시 중구 목중로 29, (목동)",042-220-8114,,19820630,89,0,10,12,64,1,0,0,2,0,0,0,0,0,127.4104139,36.3360669
의료법인 예당의료재단 예산종합병원,11,종합병원,340000,충청도,340012,예산군,,32432,"충청남도 예산군 예산읍 금오대로 94, ()",041-330-4000,,20070619,13,0,0,0,13,0,0,0,0,0,0,0,0,0,126.8379717,36.6910744
의료법인 오성의료재단 동군산병원,11,종합병원,350000,전라도,350100,군산시,,54033,"전라북도 군산시 조촌로 149,  (조촌동)",063-440-0300,,20040604,48,1,0,0,45,2,0,0,0,0,0,0,0,0,126.737162,35.9774829
의료법인 온그룹의료재단 온종합병원,11,종합병원,210000,부산,210004,부산진구,,47261,"부산광역시 부산진구 가야대로 719, 767, 721, 본관 지하3~5층, 본관 6~11층 전부, 본관 12층 일부, 본관 13~14층 전부, (당감동)",051-607-0133,,20100226,72,2,3,2,63,1,0,0,1,0,0,0,0,0,129.0504284,35.1574359
의료법인 우범의료재단 장흥종합병원,11,종합병원,360000,전라도,360018,장흥군,,59325,"전라남도 장흥군 장흥읍 흥성로 74, 74",061-862-8300,,19880801,11,0,0,0,11,0,0,0,0,0,0,0,0,0,126.9109162,34.6771315
의료법인 원광의료재단 원광종합병원,11,종합병원,310000,경기,312500,화성시,,18356,"경기도 화성시 화산북로 21, (송산동)",031-8077-7200,,20170612,19,1,0,0,18,0,0,0,0,0,0,0,0,0,127.0081096,37.2101373
의료법인 은성의료재단 좋은강안병원,11,종합병원,210000,부산,210014,부산수영구,,48265,"부산광역시 수영구 수영로 493, (남천동)",051-625-0900,,20050223,96,1,6,1,86,1,0,0,1,0,0,0,0,0,129.1106218,35.1500685
의료법인 은성의료재단 좋은삼정병원,11,종합병원,260000,울산,260001,울산남구,,44629,"울산광역시 남구 북부순환도로 51, (무거동)",052-220-7500,,20140602,32,4,0,0,27,1,0,0,0,0,0,0,0,0,129.2688243,35.5528955
의료법인 은혜와감사의료재단 화성중앙종합병원,11,종합병원,310000,경기,312500,화성시,,18592,"경기도 화성시 향남읍 발안로 5, ()",031-352-8114,,20041030,16,1,0,0,15,0,0,0,0,0,0,0,0,0,126.9108361,37.1312957
의료법인 인당의료재단 부민병원,11,종합병원,210000,부산,210005,부산북구,,46555,"부산광역시 북구 만덕대로 59, (덕천동)",051-330-3000,,20030102,65,1,2,4,57,1,0,0,0,0,0,0,0,0,129.0112115,35.2119276
의료법인 인당의료재단 해운대부민병원,11,종합병원,210000,부산,210009,부산해운대구,,48094,"부산광역시 해운대구 해운대로 584, (우동)",602-8000,,20150709,52,0,0,0,52,0,0,0,0,0,0,0,0,0,129.1556545,35.1614208
의료법인 인산의료재단 전주열린병원,11,종합병원,350000,전라도,350401,전주완산구,,54994,"전라북도 전주시 완산구 기린대로 227-0,  1동 (서노송동,전주열린병원)",063-281-8889,,20220120,8,0,0,0,8,0,0,0,0,0,0,0,0,0,127.1452549,35.8266151
의료법인 인천사랑병원,11,종합병원,220000,인천,220001,인천미추홀구,,22135,"인천광역시 미추홀구 미추홀대로 726-0, 인천사랑병원",032-457-2000,,19981125,61,0,0,5,56,0,0,0,0,0,0,0,0,0,126.6807094,37.462204
의료법인 인화재단 한국병원,11,종합병원,330000,충청도,330101,청주상당구,,28713,"충청북도 청주시 상당구 단재로 106, (영운동)",043-222-7000,,19940411,80,1,3,2,60,6,0,1,7,0,0,0,0,0,127.496538,36.619507
의료법인 자산의료재단 제천서울병원,11,종합병원,330000,충청도,330300,제천시,,27170,"충청북도 제천시 숭문로 57-0, 서울병원",043-642-7606,,19900511,25,0,0,0,23,1,0,0,1,0,0,0,0,0,128.2062355,37.138611
의료법인 정산의료재단 효성병원,11,종합병원,330000,충청도,330101,청주상당구,,28736,"충청북도 청주시 상당구 쇠내로 16-0, 효성병원",043-221-5000,,19951027,51,1,0,0,44,3,0,0,2,1,0,0,0,0,127.4953372,36.6244786
의료법인 정안의료재단 중앙병원,11,종합병원,260000,울산,260001,울산남구,,44667,"울산광역시 남구 문수로 472, 중앙병원 (신정동)",052-226-1100,,20150409,47,1,0,0,44,1,0,0,1,0,0,0,0,0,129.3055534,35.5321998
의료법인 중앙의료재단 중앙병원,11,종합병원,390000,제주,390200,제주시,,63109,"제주특별자치도 제주시 월랑로 91-0, 중앙병원",064-786-7000,,20130304,27,0,0,0,26,0,0,0,1,0,0,0,0,0,126.470529,33.4923256
의료법인 청구성심병원,11,종합병원,110000,서울,110015,은평구,,3330,"서울특별시 은평구 통일로 873, (갈현동)",02-350-3300,,19800128,25,1,0,0,24,0,0,0,0,0,0,0,0,0,126.9197006,37.6208615
의료법인 토마스의료재단 윌스기념병원,11,종합병원,310000,경기,310603,수원팔달구,,16480,"경기도 수원시 팔달구 경수대로 437, (인계동)",031-223-2233,,20021021,53,2,0,0,50,0,0,0,0,0,0,0,0,1,127.0255443,37.2653229
의료법인 플러스의료재단 단원병원,11,종합병원,310000,경기,311101,안산단원구,,15457,"경기도 안산시 단원구 원포공원1로 20, 동의성단원병원 (초지동)",031-8040-6600,,20080301,49,0,0,0,49,0,0,0,0,0,0,0,0,0,126.8130166,37.3001935
의료법인 행도의료재단 해동병원,11,종합병원,210000,부산,210007,부산영도구,,49035,"부산광역시 영도구 태종로 133, (봉래동3가)",051-412-6161,,19840705,29,1,0,0,28,0,0,0,0,0,0,0,0,0,129.043866,35.0919442
의료법인 혜인의료재단 한국병원,11,종합병원,390000,제주,390200,제주시,삼도일동,63183,"제주특별자치도 제주시 서광로 193, (삼도일동)",064-750-0000,,19830225,36,2,0,0,34,0,0,0,0,0,0,0,0,0,126.517062,33.500233
의료법인 힐링의료재단 옥천성모병원,11,종합병원,330000,충청도,330005,옥천군,,29031,"충청북도 옥천군 옥천읍 성왕로 1195-0,",043-730-7000,,20151101,17,1,0,0,16,0,0,0,0,0,0,0,0,0,127.5720099,36.3133286
의료법인갑을의료재단 갑을장유병원,11,종합병원,380000,경상도,380100,김해시,,50971,"경상남도 김해시 장유로 167-13, (부곡동)",055-310-6000,,20050901,24,0,0,0,24,0,0,0,0,0,0,0,0,0,128.8056169,35.2086652
의료법인거명의료재단 영광기독병원,11,종합병원,360000,전라도,360014,영광군,,57044,"전라남도 영광군 영광읍 신남로 265, ()",061-350-3000,,19880408,15,0,0,0,15,0,0,0,0,0,0,0,0,0,126.510877,35.274938
의료법인구의료재단 구병원,11,종합병원,230000,대구,230007,대구달서구,,42644,"대구광역시 달서구 감삼북길 141, (감삼동)",053-560-9114,,20070104,37,2,0,0,35,0,0,0,0,0,0,0,0,0,128.5414437,35.8506236
의료법인대송의료재단 무안병원,11,종합병원,360000,전라도,360009,무안군,,58532,"전라남도 무안군 무안읍 몽탄로 65, ()",061-450-3111,,19940801,20,0,0,0,20,0,0,0,0,0,0,0,0,0,126.4893985,34.9916302
의료법인대인의료재단 다니엘종합병원,11,종합병원,310000,경기,310300,부천시,,14513,"경기도 부천시 중동로 361, 다니엘종합병원 (약대동)",032-670-0001,,20040611,22,0,0,0,21,0,0,0,1,0,0,0,0,0,126.7694764,37.5123067
의료법인덕산의료재단김천제일병원,11,종합병원,370000,경상도,370300,김천시,,39544,"경상북도 김천시 신음1길 12,  (신음동)",054-420-9300,,19980529,35,0,0,0,35,0,0,0,0,0,0,0,0,0,128.1187923,36.1354003
의료법인동신의료재단 동신병원,11,종합병원,110000,서울,110010,서대문구,,3653,"서울특별시 서대문구 연희로 272, 동신병원 본관동 (홍은동)",02-396-9161,,19940622,19,1,0,0,18,0,0,0,0,0,0,0,0,0,126.9364251,37.5813323
의료법인동춘의료재단문경제일병원,11,종합병원,370000,경상도,370800,문경시,,36986,"경상북도 문경시 당교3길 25,  (모전동)",054-550-7700,,19810605,34,0,0,0,33,1,0,0,0,0,0,0,0,0,128.189225,36.58444
의료법인루가의료재단 나은병원,11,종합병원,220000,인천,220005,인천서구,,0,"인천광역시 서구 원적로 23- , 23",032-584-0114,,20000814,74,0,0,0,69,2,0,0,3,0,0,0,0,0,126.6797293,37.4890718
의료법인명지의료재단명지병원,11,종합병원,310000,경기,311901,고양덕양구,,10475,"경기도 고양시 덕양구 화수로14번길 55, (화정동)",031-810-5114,,19830328,250,0,22,55,168,2,0,0,3,0,0,0,0,0,126.8312622,37.6419949
의료법인명지의료재단명지병원,11,종합병원,330000,충청도,330300,제천시,,27140,"충청북도 제천시 내토로 991-0, 의료법인명지의료재단명지병원",043-640-8114,,20110315,35,0,0,0,33,1,0,0,1,0,0,0,0,0,128.233951,37.1634681
의료법인목포구암의료재단 목포중앙병원,11,종합병원,360000,전라도,360300,목포시,,58615,"전라남도 목포시 영산로 623,  (석현동)",061-280-3000,,19990309,38,0,0,0,37,1,0,0,0,0,0,0,0,0,126.421025,34.8213917
의료법인백송의료재단 굿모닝병원,11,종합병원,310000,경기,311200,평택시,,17874,"경기도 평택시 중앙로 338, (합정동)",031-5182-7700,,20020401,100,0,0,0,98,1,0,0,1,0,0,0,0,0,127.1204114,36.9906277
의료법인보원의료재단 경희대학교 교육협력 중앙병원,11,종합병원,380000,경상도,380100,김해시,,50960,"경상남도 김해시 분성로 94-8, (외동)",055-330-6000,,19970401,3,0,0,0,2,0,0,0,1,0,0,0,0,0,128.8570753,35.2307339
의료법인삼백의료재단상주성모병원,11,종합병원,370000,경상도,370900,상주시,,37179,"경상북도 상주시 냉림서성길 7,  (냉림동)",054-532-5001,,19800318,20,0,0,0,20,0,0,0,0,0,0,0,0,0,128.1597338,36.4203907
의료법인서울효천의료재단 에이치플러스양지병원,11,종합병원,110000,서울,110004,관악구,,8779,"서울특별시 관악구 남부순환로 1636, 양지병원 (신림동)",02-1877-8875,,19800620,103,2,5,13,83,0,0,0,0,0,0,0,0,0,126.9325692,37.4841536
의료법인석영의료재단창원제일종합병원,11,종합병원,380000,경상도,380702,창원마산합포구,,51732,"경상남도 창원시 마산합포구 3·15대로 238, (중앙동3가)",055-223-9000,,20020501,15,0,0,0,15,0,0,0,0,0,0,0,0,0,128.5676,35.199085
의료법인석천재단고창병원,11,종합병원,350000,전라도,350001,고창군,,56436,"전라북도 고창군 고창읍 화신1길 9, ()",063-560-5600,,19880709,16,1,0,0,15,0,0,0,0,0,0,0,0,0,126.6933531,35.4364278
의료법인성광의료재단일산차병원,11,종합병원,310000,경기,311903,고양일산동구,,10414,"경기도 고양시 일산동구 중앙로 1205, 지하1층(일부),지하2층,지하4층(일부),1층(일부),2층(일부),3층(일부),4~5층,6층(일부), 7~10층 (장항동)",031-782-8300,,20191226,91,0,0,0,88,0,0,0,0,0,0,0,3,0,126.7757374,37.6541317
의료법인성화의료재단  대한병원,11,종합병원,110000,서울,110024,강북구,,1081,"서울특별시 강북구 도봉로 301, (수유동, 대한병원)",02-903-3232,,19820329,12,2,0,0,10,0,0,0,0,0,0,0,0,0,127.0226914,37.6354747
의료법인숭인의료재단 김해복음병원,11,종합병원,380000,경상도,380100,김해시,,50923,"경상남도 김해시 활천로 33, (삼정동)",055-330-8888,,20051129,36,1,0,0,34,1,0,0,0,0,0,0,0,0,128.8931625,35.2306263
의료법인안동병원,11,종합병원,370000,경상도,370400,안동시,,36743,"경상북도 안동시 앙실로 11,  (수상동)",054-840-1004,,19820520,98,1,0,0,95,1,0,0,1,0,0,0,0,0,128.7010976,36.5467408
의료법인영경의료재단전주병원,11,종합병원,350000,전라도,350401,전주완산구,,54985,"전라북도 전주시 완산구 한두평3길 13, (중화산동2가, 전주병원)",063-220-7200,,20070110,42,0,0,0,42,0,0,0,0,0,0,0,0,0,127.1248246,35.8152645
의료법인영성의료재단 고흥종합병원,11,종합병원,360000,전라도,360002,고흥군,,59535,"전라남도 고흥군 고흥읍 고흥로 1935, ()",061-835-6000,,19930101,15,2,0,0,13,0,0,0,0,0,0,0,0,0,127.2939625,34.6210654
의료법인영훈의료재단 유성선병원,11,종합병원,250000,대전,250001,대전유성구,,34084,"대전광역시 유성구 북유성대로 93, (지족동)",042-609-1000,,20070629,102,1,4,2,86,3,0,0,6,0,0,0,0,0,127.3249507,36.3751715
의료법인우리의료재단김포우리병원,11,종합병원,310000,경기,312300,김포시,,10099,"경기도 김포시 감암로 11, 김포우리병원 (걸포동)",031-999-1000,,20020513,102,4,3,9,83,2,0,0,1,0,0,0,0,0,126.7107331,37.6323325
의료법인은성의료재단좋은삼선병원,11,종합병원,210000,부산,210015,부산사상구,주례동,47007,"부산광역시 사상구 가야대로 326, (주례동)",051-322-0900,,19950330,83,0,7,7,66,2,0,0,1,0,0,0,0,0,129.0082462,35.1504161
의료법인은성의료재단좋은선린병원,11,종합병원,370000,경상도,370702,포항북구,,37725,"경상북도 포항시 북구 대신로 43,  (대신동)",054-245-5000,,19790623,28,2,0,0,24,2,0,0,0,0,0,0,0,0,129.3670367,36.0482631
의료법인인봉의료재단뉴고려병원,11,종합병원,310000,경기,312300,김포시,,10086,"경기도 김포시 김포한강3로 283, 뉴고려병원 (장기동)",031-998-8129,,20090413,61,0,0,0,60,1,0,0,0,0,0,0,0,0,126.6602138,37.640959
의료법인일심의료재단우리병원,11,종합병원,310000,경기,312800,포천시,,11174,"경기도 포천시 소흘읍 호국로 661, 661",031-542-0222,,20000308,42,0,0,0,41,0,0,0,1,0,0,0,0,0,127.1481862,37.827471
의료법인정화의료재단 봉생기념병원,11,종합병원,210000,부산,210002,부산동구,,48775,"부산광역시 동구 중앙대로 401, (좌천동, 봉생병원)",051-664-4000,,19850105,69,0,4,7,57,0,0,0,1,0,0,0,0,0,129.0501907,35.1310265
의료법인청아의료재단청아병원,11,종합병원,380000,경상도,380701,창원마산회원구,,51230,"경상남도 창원시 마산회원구 내서읍 광려천서로 67, (청아병원)",055-230-1500,,20020703,19,2,0,0,17,0,0,0,0,0,0,0,0,0,128.50965,35.248035
의료법인청언의료재단 순천제일병원,11,종합병원,360000,전라도,360400,순천시,,57968,"전라남도 순천시 기적의도서관1길 3,  (조례동)",061-720-3500,,20080404,13,0,0,0,13,0,0,0,0,0,0,0,0,0,127.524175,34.9549263
의료법인칠석의료재단사랑의병원,11,종합병원,310000,경기,311102,안산상록구,,15291,"경기도 안산시 상록구 예술광장로 69, 사랑의병원(593-4번지/593-5번지) (성포동)",031-439-3000,,19991011,40,0,0,0,38,1,0,0,1,0,0,0,0,0,126.8449341,37.3269254
의료법인풍산의료재단동부제일병원,11,종합병원,110000,서울,110019,중랑구,,2063,"서울특별시 중랑구 망우로 511, 동부제일병원 지하1~6층 (망우동)",02-437-5011,,19830822,21,2,0,0,19,0,0,0,0,0,0,0,0,0,127.1090094,37.6007085
의료법인한국의료재단 순천한국병원,11,종합병원,360000,전라도,360400,순천시,,57991,"전라남도 순천시 우명길 42,  (연향동)",061-740-5000,,19980917,21,0,0,0,19,0,0,0,2,0,0,0,0,0,127.5122885,34.9477666
의료법인한마음의료재단 여수제일병원,11,종합병원,360000,전라도,360500,여수시,,59677,"전라남도 여수시 쌍봉로 70,  (학동)",061-689-8123,,19980110,48,0,0,0,46,2,0,0,0,0,0,0,0,0,127.6634937,34.7661014
의료법인한마음의료재단하나병원,11,종합병원,330000,충청도,330102,청주흥덕구,,28378,"충청북도 청주시 흥덕구 2순환로 1262-0, 하나병원",043-230-6114,,19980615,76,2,3,7,59,3,0,0,2,0,0,0,0,0,127.4308627,36.6235047
의료법인한성재단포항세명기독병원,11,종합병원,370000,경상도,370701,포항남구,,37816,"경상북도 포항시 남구 포스코대로 351,  (대도동)",054-275-0005,,19921221,124,1,0,0,120,3,0,0,0,0,0,0,0,0,129.3622256,36.0177172
의료법인한전의료재단 한일병원,11,종합병원,110000,서울,110006,도봉구,쌍문동,1450,"서울특별시 도봉구 우이천로 308, 한일병원 (쌍문동)",02-901-3114,,19740328,118,0,7,25,83,0,0,0,3,0,0,0,0,0,127.0291228,37.6461401
의료법인합포의료재단에스엠지연세병원,11,종합병원,380000,경상도,380702,창원마산합포구,,51740,"경상남도 창원시 마산합포구 3·15대로 76, (월남동2가, 합포의료재단)",055-243-0100,,20020601,41,0,0,0,40,1,0,0,0,0,0,0,0,0,128.5616013,35.1863148
의료법인해민의료재단 세안종합병원,11,종합병원,360000,전라도,360300,목포시,,58618,"전라남도 목포시 고하대로 795-2, (연산동)",061-260-6700,,20080707,14,0,0,0,13,1,0,0,0,0,0,0,0,0,126.3802331,34.8168192
의료법인행촌의료재단 해남종합병원,11,종합병원,360000,전라도,360021,해남군,,59024,"전라남도 해남군 해남읍 해남로 45, ()",061-536-4116,,19830401,25,0,0,0,23,1,0,0,0,0,0,0,0,1,126.6127915,34.5717972
의료법인현경의료재단 광양서울병원,11,종합병원,360000,전라도,360700,광양시,,57773,"전라남도 광양시 진등길 93,  (마동)",061-795-9931,,20121206,19,2,0,0,16,1,0,0,0,0,0,0,0,0,127.6905821,34.9579361
의료법인환명의료재단 조은금강병원,11,종합병원,380000,경상도,380100,김해시,,50880,"경상남도 김해시 김해대로 1814-37, (삼계동)",055-330-0300,,20070110,32,1,0,0,30,1,0,0,0,0,0,0,0,0,128.8615328,35.2623214
의산의료재단 강릉고려병원,11,종합병원,320000,강원,320100,강릉시,옥천동,25552,"강원특별자치도 강릉시 옥가로 30, (옥천동)",033-649-0100,,19910813,14,1,0,0,13,0,0,0,0,0,0,0,0,0,128.8998047,37.7590068
이화여자대학교의과대학부속서울병원,11,종합병원,110000,서울,110003,강서구,,7804,"서울특별시 강서구 공항대로 260, 이화의대부속서울병원 (마곡동)",1522-7000,,20181226,222,0,0,4,212,0,0,3,3,0,0,0,0,0,126.8362668,37.5572629
익산병원,11,종합병원,350000,전라도,350300,익산시,,54543,"전라북도 익산시 무왕로 969, (신동)",063-840-9114,,20010307,42,0,0,0,40,1,0,0,1,0,0,0,0,0,126.9665159,35.9616504
인산의료재단 메트로병원,11,종합병원,310000,경기,310701,안양만안구,,14096,"경기도 안양시 만안구 명학로33번길 8, (안양동, 메트로병원)",031-467-9000,,19830525,12,0,0,0,11,1,0,0,0,0,0,0,0,0,126.9352309,37.3786666
인제대학교 상계백병원,11,종합병원,110000,서울,110022,노원구,,1757,"서울특별시 노원구 동일로 1342, 상계백병원 (상계동)",02-950-1114,,19890814,266,2,26,83,148,0,0,4,3,0,0,0,0,0,127.0631233,37.6485282
인제대학교 서울백병원,11,종합병원,110000,서울,110017,중구,,4551,"서울특별시 중구 마른내로 9, (저동2가)",02-2270-0114,,19760310,0,0,0,0,0,0,0,0,0,0,0,0,0,0,126.9888709,37.56511
인제대학교 해운대백병원,11,종합병원,210000,부산,210009,부산해운대구,,48108,"부산광역시 해운대구 해운대로 875, (좌동)",051-797-0100,,20100210,343,0,26,86,226,0,0,0,5,0,0,0,0,0,129.182013,35.173443
인제대학교일산백병원,11,종합병원,310000,경기,311902,고양일산서구,,10380,"경기도 고양시 일산서구 주화로 170, (대화동)",031-910-7114,,19991206,292,0,25,92,171,0,0,0,4,0,0,0,0,0,126.7504331,37.6743138
인천광역시의료원,11,종합병원,220000,인천,220002,인천동구,,22532,"인천광역시 동구 방축로 217, 217",032-580-6000,,19850629,41,0,0,0,38,2,0,0,1,0,0,0,0,0,126.66875,37.4787429
인천기독병원,11,종합병원,220000,인천,220004,인천중구,,0,"인천광역시 중구 답동로30번길 10- , (율목동)",032-270-8000,,19840530,23,1,0,0,21,1,0,0,0,0,0,0,0,0,126.6321217,37.4712157
인천세종병원,11,종합병원,220000,인천,220008,인천계양구,,0,"인천광역시 계양구 계양문화로 20- ,  (작전동)",032-240-8000,,20170208,100,1,4,1,93,0,0,0,1,0,0,0,0,0,126.7368717,37.5324735
인천적십자병원,11,종합병원,220000,인천,220007,인천연수구,연수동,21935,"인천광역시 연수구 원인재로 263, (연수동)",032-899-4000,,19850510,19,0,0,0,18,1,0,0,0,0,0,0,0,0,126.6896544,37.4184945
인천힘찬종합병원,11,종합병원,220000,인천,220006,인천남동구,,21655,"인천광역시 남동구 논현로 72-0, 인천힘찬종합병원",032-1899-2220,,20210216,42,0,0,0,41,1,0,0,0,0,0,0,0,0,126.7147138,37.401057
재단법인 아산사회복지재단 부속 보령아산병원,11,종합병원,340000,충청도,340400,보령시,,33428,"충청남도 보령시 죽성로 136,  (죽정동)",041-930-5114,,19781230,18,0,0,0,18,0,0,0,0,0,0,0,0,0,126.6228522,36.3811282
재단법인 아산사회복지재단 정읍아산병원,11,종합병원,350000,전라도,350500,정읍시,,56153,"전라북도 정읍시 충정로 606-22, (용계동)",063-530-6000,,19780626,29,0,0,0,29,0,0,0,0,0,0,0,0,0,126.8234125,35.5888321
재단법인대구포교성베네딕도수녀회창원파티마병원,11,종합병원,380000,경상도,380704,창원의창구,명서동,51394,"경상남도 창원시 의창구 창이대로 45, (명서동)",055-270-1000,,19830202,101,0,0,0,99,0,0,0,2,0,0,0,0,0,128.645913,35.237293
재단법인베스티안재단베스티안병원,11,종합병원,330000,충청도,330102,청주흥덕구,,28161,"충청북도 청주시 흥덕구 오송읍 오송생명1로 191-0, ()",043-910-7575,,20181114,10,1,0,0,9,0,0,0,0,0,0,0,0,0,127.3216409,36.6364294
재단법인예수병원유지재단예수병원,11,종합병원,350000,전라도,350401,전주완산구,,54987,"전라북도 전주시 완산구 서원로 365, (중화산동1가, 예수병원)",063-230-8114,,19740509,227,1,18,58,146,3,0,0,1,0,0,0,0,0,127.1332292,35.8143917
재단법인천주교부산교구유지재단 메리놀병원,11,종합병원,210000,부산,210008,부산중구,,48972,"부산광역시 중구 중구로 121, (대청동4가)",051-465-8801,,19740430,89,0,4,19,65,0,0,0,1,0,0,0,0,0,129.0324148,35.1076838
재단법인한호기독교선교회 일신기독병원,11,종합병원,210000,부산,210002,부산동구,,48724,"부산광역시 동구 정공단로 27, (좌천동)",051-630-0300,,19840702,37,0,0,0,37,0,0,0,0,0,0,0,0,0,129.0543811,35.135783
전라남도 순천의료원,11,종합병원,360000,전라도,360400,순천시,,57940,"전라남도 순천시 서문성터길 2,  (매곡동)",061-759-9440,,19960517,19,1,0,0,18,0,0,0,0,0,0,0,0,0,127.4834682,34.9579098
전라북도 군산의료원,11,종합병원,350000,전라도,350100,군산시,,54105,"전라북도 군산시 의료원로 27, (지곡동, 군산의료원)",063-472-5000,,19831217,48,0,4,2,38,3,0,0,0,0,0,0,1,0,126.7117407,35.9549526
전라북도 남원의료원,11,종합병원,350000,전라도,350200,남원시,,55726,"전라북도 남원시 충정로 365, (고죽동)",063-620-1114,,19831027,34,0,0,0,31,3,0,0,0,0,0,0,0,0,127.4073171,35.4318756
전주고려병원,11,종합병원,350000,전라도,350402,전주덕진구,,54915,"전라북도 전주시 덕진구 안덕원로 367, (산정동)",063-240-7300,,20050111,15,0,0,0,15,0,0,0,0,0,0,0,0,0,127.1670378,35.8398807
제일병원,11,종합병원,380000,경상도,380500,진주시,,52709,"경상남도 진주시 진주대로 885, (강남동)",055-750-7123,,19830305,62,0,0,0,62,0,0,0,0,0,0,0,0,0,128.0902544,35.1794723
제주대학교병원,11,종합병원,390000,제주,390200,제주시,,0,"제주특별자치도 제주시 아란13길 15- , 제주대학교병원 (아라일동)",064-717-1114,,19651002,242,0,20,56,161,1,0,0,4,0,0,0,0,0,126.5452109,33.4671105
제주특별자치도 서귀포의료원,11,종합병원,390000,제주,390100,서귀포시,,63585,"제주특별자치도 서귀포시 장수로 47, (동홍동)",064-730-3000,,19940319,45,1,0,0,43,1,0,0,0,0,0,0,0,0,126.5639216,33.2555355
제주한라병원,11,종합병원,390000,제주,390200,제주시,연동,63127,"제주특별자치도 제주시 도령로 65, (연동)",064-740-5000,,19831029,124,1,0,15,107,1,0,0,0,0,0,0,0,0,126.4850403,33.489961
조은오산병원,11,종합병원,310000,경기,311800,오산시,,18136,"경기도 오산시 오산로 307, (오산동)",1544-5355,,20160526,17,0,0,0,17,0,0,0,0,0,0,0,0,0,127.068197,37.1541965
좋은문화병원,11,종합병원,210000,부산,210002,부산동구,,48735,"부산광역시 동구 범일로 119, (범일동)",051-644-2002,,19861101,74,1,2,0,70,0,0,0,1,0,0,0,0,0,129.0590919,35.1408881
중앙대학교광명병원,11,종합병원,310000,경기,310100,광명시,,14353,"경기도 광명시 덕안로 110, (일직동)",1811-7800,,20220224,168,1,0,0,160,0,0,0,7,0,0,0,0,0,126.88591,37.4245975
진주고려병원,11,종합병원,380000,경상도,380500,진주시,,52726,"경상남도 진주시 동진로 2, (칠암동, 진주고려병원)",055-751-2500,,19841114,35,1,0,0,32,2,0,0,0,0,0,0,0,0,128.0920865,35.1784916
차의과학대학교 강남차병원,11,종합병원,110000,서울,110001,강남구,,6135,"서울특별시 강남구 논현로 566, 강남차병원(역삼동650-9, 606-4, 605외2필지(지하7층~지하1층, 지상2층~7층)) (역삼동)",02-3468-3000,,19901022,115,0,0,12,100,0,0,0,3,0,0,0,0,0,127.0345427,37.5067005
차의과학대학교부속구미차병원,11,종합병원,370000,경상도,370200,구미시,,39295,"경상북도 구미시 신시로10길 12,  (형곡동)",054-450-9700,,19950617,72,0,0,0,71,0,0,0,1,0,0,0,0,0,128.3405414,36.1145325
차의과학대학교분당차병원,11,종합병원,310000,경기,310403,성남분당구,,13496,"경기도 성남시 분당구 야탑로 59, (야탑동)",031-780-5000,,19950324,499,4,41,139,308,1,0,0,4,0,0,0,2,0,127.1254535,37.4102384
참조은병원,11,종합병원,310000,경기,312600,광주시,,12756,"경기도 광주시 광주대로 45, (경안동)",1600-9955,,20101118,63,0,0,0,61,1,0,0,1,0,0,0,0,0,127.2602541,37.4109627
창원경상국립대학교병원,11,종합병원,380000,경상도,380705,창원성산구,,51472,"경상남도 창원시 성산구 삼정자로 11, (성주동, 창원경상대학교병원)",055-214-2000,,20160115,188,0,8,31,146,0,0,0,3,0,0,0,0,0,128.7078463,35.1990873
창원한마음병원,11,종합병원,380000,경상도,380704,창원의창구,,51139,"경상남도 창원시 의창구 용동로57번길 8, (사림동)",055-225-0000,,20020401,103,0,0,0,100,1,0,0,2,0,0,0,0,0,128.6990592,35.2379797
첨단종합병원,11,종합병원,240000,광주,240004,광주광산구,,62274,"광주광역시 광산구 첨단중앙로170번길 59,  (쌍암동)",062-601-8000,,20021112,46,0,0,0,45,1,0,0,0,0,0,0,0,0,126.8453041,35.2211088
청주성모병원,11,종합병원,330000,충청도,330103,청주청원구,,28323,"충청북도 청주시 청원구 주성로 173-19, 청주성모병원",043-219-8000,,19980221,73,0,0,1,70,0,0,0,1,0,0,0,0,1,127.4856545,36.6737973
추병원,11,종합병원,310000,경기,310800,의정부시,,11686,"경기도 의정부시 평화로 650, (의정부동)",031-845-7777,,19950403,35,0,2,2,30,0,0,0,1,0,0,0,0,0,127.0450722,37.7497898
충청남도 공주의료원,11,종합병원,340000,충청도,340300,공주시,,32535,"충청남도 공주시 무령로 77,  (웅진동)",041-962-1111,,19830721,28,1,0,0,24,2,0,0,0,1,0,0,0,0,127.1094762,36.458987
충청남도 서산의료원,11,종합병원,340000,충청도,340600,서산시,,32001,"충청남도 서산시 중앙로 149,  (석림동)",041-689-7000,,19890321,35,1,0,0,33,1,0,0,0,0,0,0,0,0,126.4652578,36.7755835
충청남도 천안의료원,11,종합병원,340000,충청도,340202,천안동남구,,31071,"충청남도 천안시 동남구 충절로 537,  (삼룡동)",041-570-7200,,19880524,29,0,0,0,27,1,0,0,1,0,0,0,0,0,127.1791797,36.7756271
충청남도 홍성의료원,11,종합병원,340000,충청도,340015,홍성군,,32232,"충청남도 홍성군 홍성읍 조양로 224, ()",041-630-6114,,19830726,51,0,0,0,49,1,0,0,1,0,0,0,0,0,126.674413,36.599349
충청북도 청주의료원,11,종합병원,330000,충청도,330104,청주서원구,,28547,"충청북도 청주시 서원구 흥덕로 48-0, 청주의료원",043-279-2300,,19780519,48,0,0,0,42,5,0,0,1,0,0,0,0,0,127.4730326,36.6402026
충청북도 충주의료원,11,종합병원,330000,충청도,330200,충주시,,27486,"충청북도 충주시 안림로 239-50, 충청북도충주의료원",043-871-0114,,19980702,35,0,0,0,33,2,0,0,0,0,0,0,0,0,127.9706116,36.9796506
포항성모병원,11,종합병원,370000,경상도,370701,포항남구,,37661,"경상북도 포항시 남구 대잠동길 17,  (대잠동)",054-272-0151,,19770531,105,0,3,7,92,2,0,0,1,0,0,0,0,0,129.3399527,36.0159003
하남성심병원,11,종합병원,240000,광주,240004,광주광산구,,62338,"광주광역시 광산구 용아로 259,  (산정동)",062-953-6000,,19930308,25,0,0,0,24,1,0,0,0,0,0,0,0,0,126.8009586,35.1666556
학교법인 가톨릭학원 가톨릭대학교 대전성모병원,11,종합병원,250000,대전,250005,대전중구,,34943,"대전광역시 중구 대흥로 64, (대흥동)",042-220-9114,,19800515,200,0,22,48,126,1,0,0,3,0,0,0,0,0,127.420163,36.323042
학교법인 건양교육재단 건양대학교병원,11,종합병원,250000,대전,250003,대전서구,관저동,35365,"대전광역시 서구 관저동로 158, (관저동)",042-600-9999,,19991120,296,0,27,96,170,0,0,0,3,0,0,0,0,0,127.342613,36.306642
학교법인 을지학원 대전을지대학교병원,11,종합병원,250000,대전,250003,대전서구,,35233,"대전광역시 서구 둔산서로 95, (둔산동)",042-611-3000,,19810305,245,0,21,74,147,1,0,0,2,0,0,0,0,0,127.3819888,36.3553098
학교법인 을지학원 의정부을지대학교병원,11,종합병원,310000,경기,310800,의정부시,,11759,"경기도 의정부시 동일로 712, 을지대학교 의정부캠퍼스 및 부속병원 (금오동)",031-951-1000,,20201123,132,1,0,0,127,0,0,0,4,0,0,0,0,0,127.0506997,37.7518185
학교법인 춘해병원,11,종합병원,210000,부산,210004,부산진구,범천동,47352,"부산광역시 부산진구 중앙대로 605, (범천동)",051-638-8000,,19740226,23,0,0,0,23,0,0,0,0,0,0,0,0,0,129.0583786,35.1469602
학교법인)동의병원,11,종합병원,210000,부산,210004,부산진구,,47227,"부산광역시 부산진구 양정로 62, 지상2ㆍ3ㆍ10층 각 일부/ 지하1ㆍ지상1ㆍ지상4~지상8층 전층 (양정동)",051-867-5101,,19900421,87,4,5,12,64,2,0,0,0,0,0,0,0,0,129.076514,35.1698203
한국보훈복지의료공단 대구보훈병원,11,종합병원,230000,대구,230007,대구달서구,,42835,"대구광역시 달서구 월곡로 60, (도원동)",053-630-7000,,19930210,54,0,0,1,47,1,0,0,5,0,0,0,0,0,128.5519785,35.8028206
한국보훈복지의료공단 부산보훈병원,11,종합병원,210000,부산,210015,부산사상구,,46996,"부산광역시 사상구 백양대로 420, (주례동)",051-601-6000,,19920511,80,3,6,5,58,1,0,0,6,1,0,0,0,0,129.006575,35.1533821
한국보훈복지의료공단 중앙보훈병원,11,종합병원,110000,서울,110002,강동구,,5368,"서울특별시 강동구 진황도로61길 53, (둔촌동)",02-2225-1111,,19831116,312,1,28,72,151,0,9,30,20,0,0,0,1,0,127.1481606,37.530634
한국원자력의학원원자력병원,11,종합병원,110000,서울,110022,노원구,,1812,"서울특별시 노원구 노원로 75, 한국원자력의학원 (공릉동)",02-970-2114,,19851129,167,2,39,11,113,0,0,0,2,0,0,0,0,0,127.0824199,37.6288668
한림대학교 강남성심병원,11,종합병원,110000,서울,110013,영등포구,,7441,"서울특별시 영등포구 신길로 1, (대림동, 강남성심병원)",02-829-5114,,19800111,263,0,23,81,154,0,0,0,5,0,0,0,0,0,126.9086527,37.4937262
한림대학교 한강성심병원,11,종합병원,110000,서울,110013,영등포구,,7247,"서울특별시 영등포구 버드나루로7길 12, (영등포동7가, 한강성심병원)",02-2639-5114,,19820419,20,0,0,0,20,0,0,0,0,0,0,0,0,0,126.9096811,37.5231702
한림대학교동탄성심병원,11,종합병원,310000,경기,312500,화성시,,18450,"경기도 화성시 큰재봉길 7, (석우동)",031-8086-3000,,20120914,290,0,28,67,191,0,0,0,4,0,0,0,0,0,127.0801288,37.2166284
한림대학교부속 춘천성심병원,11,종합병원,320000,강원,320500,춘천시,,24253,"강원특별자치도 춘천시 삭주로 77, 77",033-240-5000,,19841210,156,0,12,39,104,0,0,0,1,0,0,0,0,0,127.7399592,37.8840791
한림병원,11,종합병원,220000,인천,220008,인천계양구,,21079,"인천광역시 계양구 장제로 722, (작전동)",032-540-9114,,20030801,82,0,3,0,78,0,0,0,1,0,0,0,0,0,126.7343513,37.5320982
한마음병원,11,종합병원,390000,제주,390200,제주시,,0,"제주특별자치도 제주시 연신로 52- , (이도이동)",064-750-9000,,19990913,31,0,0,0,30,1,0,0,0,0,0,0,0,0,126.5462386,33.4962868
한양대학교구리병원,11,종합병원,310000,경기,311000,구리시,,11923,"경기도 구리시 경춘로 153, (교문동)",1644-9118,,19950603,227,0,15,66,144,0,0,0,2,0,0,0,0,0,127.1324273,37.6012985
한일병원,11,종합병원,380000,경상도,380500,진주시,,52818,"경상남도 진주시 범골로 17, 지1,1~5,7층 (충무공동)",055-759-7777,,19930212,37,0,0,0,35,1,0,0,0,1,0,0,0,0,128.1285557,35.1669944
해남우리종합병원,11,종합병원,360000,전라도,360021,해남군,,59021,"전라남도 해남군 옥천면 해남로 597, ()",061-530-7000,,20070525,32,1,0,0,30,1,0,0,0,0,0,0,0,0,126.6465633,34.5842521
해피뷰병원,11,종합병원,240000,광주,240002,광주북구,,61239,"광주광역시 북구 경열로 216-0, 해피뷰병원",062-519-9000,,20020527,19,0,0,0,19,0,0,0,0,0,0,0,0,0,126.906773,35.1586417
현대병원,11,종합병원,310000,경기,311500,남양주시,,12013,"경기도 남양주시 진접읍 봉현로 21, ()",031-574-9118,,20090901,73,1,0,0,71,0,0,0,1,0,0,0,0,0,127.179882,37.7154268
현대유비스병원,11,종합병원,220000,인천,220001,인천미추홀구,,22173,"인천광역시 미추홀구 독배로 503-0, 현대유비스병원",032-888-7575,,20130701,48,1,0,0,45,1,0,0,1,0,0,0,0,0,126.6429995,37.4615989
혜민병원,11,종합병원,110000,서울,110023,광진구,,5056,"서울특별시 광진구 자양로 85, (자양동)",02-2049-9000,,19851113,38,0,0,0,38,0,0,0,0,0,0,0,0,0,127.0836246,37.5354079
홍익병원,11,종합병원,110000,서울,110020,양천구,신정동,7937,"서울특별시 양천구 목동로 225, 홍익병원본관 (신정동)",02-2693-5555,,19930820,61,0,4,5,49,1,0,0,2,0,0,0,0,0,126.8636551,37.5284838
홍천아산병원,11,종합병원,320000,강원,320013,홍천군,홍천읍,25131,"강원특별자치도 홍천군 홍천읍 산림공원1길 17, 17",033-430-5151,,19891106,11,2,0,0,9,0,0,0,0,0,0,0,0,0,127.8948538,37.6908303
효산의료재단 안양샘병원,11,종합병원,310000,경기,310701,안양만안구,,14030,"경기도 안양시 만안구 삼덕로 9, (안양동, 안양샘병원)",031-467-9717,,19770218,97,1,5,6,80,3,0,0,1,1,0,0,0,0,126.924394,37.3935234
효산의료재단 지샘병원,11,종합병원,310000,경기,311400,군포시,,15839,"경기도 군포시 군포로 591, (당동, (G샘병원)군포샘병원)",031-389-3000,,20130612,83,4,4,2,71,2,0,0,0,0,0,0,0,0,126.9473164,37.358672
희명병원,11,종합병원,110000,서울,110025,금천구,,8626,"서울특별시 금천구 시흥대로 244, (시흥동)",02-804-0002,,19850621,24,1,0,0,23,0,0,0,0,0,0,0,0,0,126.9005836,37.4556869
